timestamp, index, clocks.current.sm [MHz], clocks.current.memory [MHz], power.draw [W], temperature.gpu
2026/10/08 05:31:17.103, 0, 120 MHz, 3996 MHz, 186.37 W, 35
2026/10/08 05:31:17.105, 1, 120 MHz, 3996 MHz, 187.49 W, 37
2026/10/08 05:31:17.107, 2, 120 MHz, 3996 MHz, 186.05 W, 33
2026/10/08 05:31:17.108, 3, 120 MHz, 3996 MHz, 184.10 W, 33
2026/10/08 05:31:17.110, 4, 120 MHz, 3996 MHz, 184.49 W, 37
2026/10/08 05:31:17.111, 5, 120 MHz, 3996 MHz, 182.81 W, 35
2026/10/08 05:31:17.113, 6, 120 MHz, 3996 MHz, 186.74 W, 33
2026/10/08 05:31:17.114, 7, 120 MHz, 3996 MHz, 185.92 W, 32
2026/10/08 05:31:18.116, 0, 120 MHz, 3996 MHz, 186.33 W, 35
2026/10/08 05:31:18.116, 1, 120 MHz, 3996 MHz, 187.84 W, 37
2026/10/08 05:31:18.116, 2, 120 MHz, 3996 MHz, 186.05 W, 33
2026/10/08 05:31:18.116, 3, 120 MHz, 3996 MHz, 184.10 W, 33
2026/10/08 05:31:18.116, 4, 120 MHz, 3996 MHz, 184.50 W, 37
2026/10/08 05:31:18.116, 5, 120 MHz, 3996 MHz, 182.74 W, 35
2026/10/08 05:31:18.116, 6, 120 MHz, 3996 MHz, 186.78 W, 33
2026/10/08 05:31:18.116, 7, 120 MHz, 3996 MHz, 186.45 W, 32
2026/10/08 05:31:19.116, 0, 120 MHz, 3996 MHz, 186.41 W, 35
2026/10/08 05:31:19.116, 1, 120 MHz, 3996 MHz, 187.77 W, 37
2026/10/08 05:31:19.116, 2, 120 MHz, 3996 MHz, 186.05 W, 33
2026/10/08 05:31:19.116, 3, 120 MHz, 3996 MHz, 184.10 W, 33
2026/10/08 05:31:19.116, 4, 120 MHz, 3996 MHz, 184.48 W, 37
2026/10/08 05:31:19.116, 5, 120 MHz, 3996 MHz, 182.79 W, 35
2026/10/08 05:31:19.116, 6, 120 MHz, 3996 MHz, 186.78 W, 33
2026/10/08 05:31:19.116, 7, 120 MHz, 3996 MHz, 186.42 W, 32
2026/10/08 05:31:20.117, 0, 120 MHz, 3996 MHz, 186.41 W, 35
2026/10/08 05:31:20.117, 1, 120 MHz, 3996 MHz, 187.77 W, 37
2026/10/08 05:31:20.117, 2, 120 MHz, 3996 MHz, 186.05 W, 33
2026/10/08 05:31:20.117, 3, 120 MHz, 3996 MHz, 184.09 W, 33
2026/10/08 05:31:20.117, 4, 120 MHz, 3996 MHz, 184.48 W, 37
2026/10/08 05:31:20.117, 5, 120 MHz, 3996 MHz, 182.90 W, 36
2026/10/08 05:31:20.117, 6, 120 MHz, 3996 MHz, 186.78 W, 33
2026/10/08 05:31:20.117, 7, 120 MHz, 3996 MHz, 186.34 W, 32
2026/10/08 05:31:21.117, 0, 120 MHz, 3996 MHz, 186.37 W, 35
2026/10/08 05:31:21.117, 1, 120 MHz, 3996 MHz, 187.73 W, 37
2026/10/08 05:31:21.117, 2, 120 MHz, 3996 MHz, 186.05 W, 33
2026/10/08 05:31:21.117, 3, 120 MHz, 3996 MHz, 184.17 W, 33
2026/10/08 05:31:21.117, 4, 120 MHz, 3996 MHz, 184.49 W, 37
2026/10/08 05:31:21.117, 5, 120 MHz, 3996 MHz, 182.75 W, 36
2026/10/08 05:31:21.117, 6, 120 MHz, 3996 MHz, 186.78 W, 33
2026/10/08 05:31:21.117, 7, 120 MHz, 3996 MHz, 186.41 W, 32
2026/10/08 05:31:22.117, 0, 120 MHz, 3996 MHz, 186.41 W, 35
2026/10/08 05:31:22.117, 1, 120 MHz, 3996 MHz, 187.96 W, 37
2026/10/08 05:31:22.117, 2, 120 MHz, 3996 MHz, 186.05 W, 33
2026/10/08 05:31:22.117, 3, 120 MHz, 3996 MHz, 184.13 W, 33
2026/10/08 05:31:22.117, 4, 120 MHz, 3996 MHz, 184.47 W, 37
2026/10/08 05:31:22.117, 5, 120 MHz, 3996 MHz, 182.86 W, 36
2026/10/08 05:31:22.117, 6, 120 MHz, 3996 MHz, 186.78 W, 33
2026/10/08 05:31:22.117, 7, 120 MHz, 3996 MHz, 186.38 W, 32
2026/10/08 05:31:23.117, 0, 120 MHz, 3996 MHz, 186.41 W, 35
2026/10/08 05:31:23.118, 1, 120 MHz, 3996 MHz, 188.07 W, 37
2026/10/08 05:31:23.118, 2, 120 MHz, 3996 MHz, 186.05 W, 33
2026/10/08 05:31:23.118, 3, 120 MHz, 3996 MHz, 184.09 W, 33
2026/10/08 05:31:23.118, 4, 120 MHz, 3996 MHz, 184.43 W, 37
2026/10/08 05:31:23.118, 5, 120 MHz, 3996 MHz, 182.80 W, 36
2026/10/08 05:31:23.118, 6, 120 MHz, 3996 MHz, 186.78 W, 33
2026/10/08 05:31:23.118, 7, 120 MHz, 3996 MHz, 186.34 W, 32
2026/10/08 05:31:24.118, 0, 120 MHz, 3996 MHz, 186.41 W, 35
2026/10/08 05:31:24.118, 1, 120 MHz, 3996 MHz, 188.19 W, 37
2026/10/08 05:31:24.118, 2, 120 MHz, 3996 MHz, 186.05 W, 33
2026/10/08 05:31:24.118, 3, 120 MHz, 3996 MHz, 184.09 W, 33
2026/10/08 05:31:24.118, 4, 120 MHz, 3996 MHz, 184.33 W, 37
2026/10/08 05:31:24.118, 5, 120 MHz, 3996 MHz, 183.10 W, 36
2026/10/08 05:31:24.118, 6, 120 MHz, 3996 MHz, 186.78 W, 33
2026/10/08 05:31:24.118, 7, 120 MHz, 3996 MHz, 186.49 W, 32
2026/10/08 05:31:25.118, 0, 120 MHz, 3996 MHz, 186.41 W, 35
2026/10/08 05:31:25.118, 1, 120 MHz, 3996 MHz, 187.95 W, 37
2026/10/08 05:31:25.118, 2, 120 MHz, 3996 MHz, 186.05 W, 33
2026/10/08 05:31:25.118, 3, 120 MHz, 3996 MHz, 184.09 W, 33
2026/10/08 05:31:25.118, 4, 120 MHz, 3996 MHz, 184.32 W, 37
2026/10/08 05:31:25.118, 5, 120 MHz, 3996 MHz, 182.82 W, 36
2026/10/08 05:31:25.118, 6, 120 MHz, 3996 MHz, 186.78 W, 33
2026/10/08 05:31:25.118, 7, 120 MHz, 3996 MHz, 186.53 W, 32
2026/10/08 05:31:26.119, 0, 120 MHz, 3996 MHz, 186.41 W, 35
2026/10/08 05:31:26.119, 1, 120 MHz, 3996 MHz, 188.11 W, 37
2026/10/08 05:31:26.119, 2, 120 MHz, 3996 MHz, 186.05 W, 33
2026/10/08 05:31:26.119, 3, 120 MHz, 3996 MHz, 184.09 W, 33
2026/10/08 05:31:26.119, 4, 120 MHz, 3996 MHz, 184.41 W, 37
2026/10/08 05:31:26.119, 5, 120 MHz, 3996 MHz, 182.90 W, 36
2026/10/08 05:31:26.119, 6, 120 MHz, 3996 MHz, 186.78 W, 33
2026/10/08 05:31:26.119, 7, 120 MHz, 3996 MHz, 186.49 W, 32
2026/10/08 05:31:27.119, 0, 120 MHz, 3996 MHz, 186.41 W, 35
2026/10/08 05:31:27.119, 1, 120 MHz, 3996 MHz, 188.19 W, 37
2026/10/08 05:31:27.119, 2, 120 MHz, 3996 MHz, 186.05 W, 33
2026/10/08 05:31:27.119, 3, 120 MHz, 3996 MHz, 184.09 W, 33
2026/10/08 05:31:27.119, 4, 120 MHz, 3996 MHz, 184.46 W, 37
2026/10/08 05:31:27.119, 5, 120 MHz, 3996 MHz, 183.17 W, 36
2026/10/08 05:31:27.119, 6, 120 MHz, 3996 MHz, 186.78 W, 33
2026/10/08 05:31:27.119, 7, 120 MHz, 3996 MHz, 186.34 W, 32
2026/10/08 05:31:28.119, 0, 120 MHz, 3996 MHz, 186.41 W, 35
2026/10/08 05:31:28.119, 1, 120 MHz, 3996 MHz, 188.19 W, 37
2026/10/08 05:31:28.119, 2, 120 MHz, 3996 MHz, 186.05 W, 33
2026/10/08 05:31:28.119, 3, 120 MHz, 3996 MHz, 184.17 W, 33
2026/10/08 05:31:28.119, 4, 120 MHz, 3996 MHz, 184.46 W, 37
2026/10/08 05:31:28.119, 5, 120 MHz, 3996 MHz, 183.17 W, 36
2026/10/08 05:31:28.119, 6, 120 MHz, 3996 MHz, 186.78 W, 33
2026/10/08 05:31:28.119, 7, 120 MHz, 3996 MHz, 186.46 W, 32
2026/10/08 05:31:29.119, 0, 120 MHz, 3996 MHz, 186.41 W, 35
2026/10/08 05:31:29.120, 1, 120 MHz, 3996 MHz, 188.19 W, 37
2026/10/08 05:31:29.120, 2, 120 MHz, 3996 MHz, 186.05 W, 33
2026/10/08 05:31:29.120, 3, 120 MHz, 3996 MHz, 184.18 W, 33
2026/10/08 05:31:29.120, 4, 120 MHz, 3996 MHz, 184.52 W, 37
2026/10/08 05:31:29.120, 5, 120 MHz, 3996 MHz, 183.14 W, 36
2026/10/08 05:31:29.120, 6, 120 MHz, 3996 MHz, 186.78 W, 33
2026/10/08 05:31:29.120, 7, 120 MHz, 3996 MHz, 186.53 W, 32
2026/10/08 05:31:30.120, 0, 120 MHz, 3996 MHz, 186.41 W, 35
2026/10/08 05:31:30.120, 1, 120 MHz, 3996 MHz, 188.23 W, 37
2026/10/08 05:31:30.120, 2, 120 MHz, 3996 MHz, 186.05 W, 33
2026/10/08 05:31:30.120, 3, 120 MHz, 3996 MHz, 184.26 W, 33
2026/10/08 05:31:30.120, 4, 120 MHz, 3996 MHz, 184.49 W, 37
2026/10/08 05:31:30.120, 5, 120 MHz, 3996 MHz, 183.25 W, 36
2026/10/08 05:31:30.120, 6, 120 MHz, 3996 MHz, 186.78 W, 33
2026/10/08 05:31:30.120, 7, 120 MHz, 3996 MHz, 186.53 W, 32
2026/10/08 05:31:31.120, 0, 120 MHz, 3996 MHz, 186.41 W, 35
2026/10/08 05:31:31.120, 1, 120 MHz, 3996 MHz, 188.23 W, 37
2026/10/08 05:31:31.120, 2, 120 MHz, 3996 MHz, 186.05 W, 33
2026/10/08 05:31:31.120, 3, 120 MHz, 3996 MHz, 184.10 W, 33
2026/10/08 05:31:31.120, 4, 120 MHz, 3996 MHz, 184.48 W, 37
2026/10/08 05:31:31.120, 5, 120 MHz, 3996 MHz, 183.62 W, 36
2026/10/08 05:31:31.120, 6, 120 MHz, 3996 MHz, 186.78 W, 33
2026/10/08 05:31:31.120, 7, 120 MHz, 3996 MHz, 186.53 W, 32
2026/10/08 05:31:32.120, 0, 120 MHz, 3996 MHz, 186.41 W, 35
2026/10/08 05:31:32.121, 1, 120 MHz, 3996 MHz, 188.23 W, 37
2026/10/08 05:31:32.121, 2, 120 MHz, 3996 MHz, 186.05 W, 33
2026/10/08 05:31:32.121, 3, 120 MHz, 3996 MHz, 184.18 W, 33
2026/10/08 05:31:32.121, 4, 120 MHz, 3996 MHz, 184.51 W, 37
2026/10/08 05:31:32.121, 5, 120 MHz, 3996 MHz, 183.29 W, 36
2026/10/08 05:31:32.121, 6, 120 MHz, 3996 MHz, 186.78 W, 33
2026/10/08 05:31:32.121, 7, 120 MHz, 3996 MHz, 186.49 W, 32
2026/10/08 05:31:33.121, 0, 120 MHz, 3996 MHz, 186.41 W, 35
2026/10/08 05:31:33.121, 1, 120 MHz, 3996 MHz, 188.23 W, 38
2026/10/08 05:31:33.121, 2, 120 MHz, 3996 MHz, 186.05 W, 33
2026/10/08 05:31:33.121, 3, 120 MHz, 3996 MHz, 184.13 W, 34
2026/10/08 05:31:33.121, 4, 120 MHz, 3996 MHz, 184.49 W, 37
2026/10/08 05:31:33.121, 5, 120 MHz, 3996 MHz, 183.71 W, 36
2026/10/08 05:31:33.121, 6, 120 MHz, 3996 MHz, 186.78 W, 33
2026/10/08 05:31:33.121, 7, 120 MHz, 3996 MHz, 186.53 W, 32
2026/10/08 05:31:34.121, 0, 120 MHz, 3996 MHz, 186.41 W, 35
2026/10/08 05:31:34.121, 1, 120 MHz, 3996 MHz, 188.23 W, 38
2026/10/08 05:31:34.121, 2, 120 MHz, 3996 MHz, 186.05 W, 34
2026/10/08 05:31:34.121, 3, 120 MHz, 3996 MHz, 184.14 W, 34
2026/10/08 05:31:34.121, 4, 120 MHz, 3996 MHz, 184.47 W, 37
2026/10/08 05:31:34.121, 5, 120 MHz, 3996 MHz, 183.51 W, 36
2026/10/08 05:31:34.121, 6, 120 MHz, 3996 MHz, 186.78 W, 33
2026/10/08 05:31:34.121, 7, 120 MHz, 3996 MHz, 186.53 W, 32
2026/10/08 05:31:35.121, 0, 120 MHz, 3996 MHz, 186.41 W, 35
2026/10/08 05:31:35.122, 1, 120 MHz, 3996 MHz, 187.62 W, 38
2026/10/08 05:31:35.122, 2, 120 MHz, 3996 MHz, 186.05 W, 34
2026/10/08 05:31:35.122, 3, 120 MHz, 3996 MHz, 184.11 W, 34
2026/10/08 05:31:35.122, 4, 120 MHz, 3996 MHz, 184.50 W, 37
2026/10/08 05:31:35.122, 5, 120 MHz, 3996 MHz, 183.39 W, 36
2026/10/08 05:31:35.122, 6, 120 MHz, 3996 MHz, 186.78 W, 33
2026/10/08 05:31:35.122, 7, 120 MHz, 3996 MHz, 186.53 W, 32
2026/10/08 05:31:36.122, 0, 120 MHz, 3996 MHz, 186.41 W, 35
2026/10/08 05:31:36.122, 1, 120 MHz, 3996 MHz, 187.73 W, 38
2026/10/08 05:31:36.122, 2, 120 MHz, 3996 MHz, 186.05 W, 34
2026/10/08 05:31:36.122, 3, 120 MHz, 3996 MHz, 184.29 W, 34
2026/10/08 05:31:36.122, 4, 120 MHz, 3996 MHz, 184.48 W, 37
2026/10/08 05:31:36.122, 5, 120 MHz, 3996 MHz, 183.49 W, 36
2026/10/08 05:31:36.122, 6, 120 MHz, 3996 MHz, 186.78 W, 33
2026/10/08 05:31:36.122, 7, 120 MHz, 3996 MHz, 186.53 W, 32
2026/10/08 05:31:37.122, 0, 120 MHz, 3996 MHz, 186.41 W, 35
2026/10/08 05:31:37.122, 1, 120 MHz, 3996 MHz, 187.84 W, 38
2026/10/08 05:31:37.122, 2, 120 MHz, 3996 MHz, 186.05 W, 34
2026/10/08 05:31:37.122, 3, 120 MHz, 3996 MHz, 184.17 W, 34
2026/10/08 05:31:37.122, 4, 120 MHz, 3996 MHz, 184.48 W, 37
2026/10/08 05:31:37.122, 5, 120 MHz, 3996 MHz, 183.24 W, 36
2026/10/08 05:31:37.122, 6, 120 MHz, 3996 MHz, 186.78 W, 33
2026/10/08 05:31:37.122, 7, 120 MHz, 3996 MHz, 186.53 W, 32
2026/10/08 05:31:38.123, 0, 120 MHz, 3996 MHz, 186.41 W, 36
2026/10/08 05:31:38.123, 1, 120 MHz, 3996 MHz, 187.69 W, 38
2026/10/08 05:31:38.123, 2, 120 MHz, 3996 MHz, 186.05 W, 34
2026/10/08 05:31:38.123, 3, 120 MHz, 3996 MHz, 184.13 W, 34
2026/10/08 05:31:38.123, 4, 120 MHz, 3996 MHz, 184.48 W, 38
2026/10/08 05:31:38.123, 5, 120 MHz, 3996 MHz, 183.23 W, 36
2026/10/08 05:31:38.123, 6, 120 MHz, 3996 MHz, 186.78 W, 33
2026/10/08 05:31:38.123, 7, 120 MHz, 3996 MHz, 186.53 W, 32
2026/10/08 05:31:39.123, 0, 120 MHz, 3996 MHz, 186.41 W, 36
2026/10/08 05:31:39.123, 1, 120 MHz, 3996 MHz, 187.88 W, 38
2026/10/08 05:31:39.123, 2, 120 MHz, 3996 MHz, 186.05 W, 34
2026/10/08 05:31:39.123, 3, 120 MHz, 3996 MHz, 184.13 W, 34
2026/10/08 05:31:39.123, 4, 120 MHz, 3996 MHz, 184.48 W, 38
2026/10/08 05:31:39.123, 5, 120 MHz, 3996 MHz, 183.74 W, 36
2026/10/08 05:31:39.123, 6, 120 MHz, 3996 MHz, 186.78 W, 33
2026/10/08 05:31:39.123, 7, 120 MHz, 3996 MHz, 186.53 W, 33
2026/10/08 05:31:40.123, 0, 120 MHz, 3996 MHz, 186.41 W, 36
2026/10/08 05:31:40.123, 1, 120 MHz, 3996 MHz, 188.15 W, 38
2026/10/08 05:31:40.124, 2, 120 MHz, 3996 MHz, 185.99 W, 34
2026/10/08 05:31:40.124, 3, 2032 MHz, 3996 MHz, 209.54 W, 35
2026/10/08 05:31:40.124, 4, 120 MHz, 3996 MHz, 184.47 W, 38
2026/10/08 05:31:40.124, 5, 120 MHz, 3996 MHz, 183.50 W, 36
2026/10/08 05:31:40.124, 6, 120 MHz, 3996 MHz, 186.78 W, 34
2026/10/08 05:31:40.124, 7, 120 MHz, 3996 MHz, 186.53 W, 33
2026/10/08 05:31:41.124, 0, 120 MHz, 3996 MHz, 186.41 W, 36
2026/10/08 05:31:41.124, 1, 120 MHz, 3996 MHz, 188.07 W, 38
2026/10/08 05:31:41.124, 2, 120 MHz, 3996 MHz, 185.93 W, 34
2026/10/08 05:31:41.124, 3, 2032 MHz, 3996 MHz, 238.77 W, 35
2026/10/08 05:31:41.124, 4, 120 MHz, 3996 MHz, 184.49 W, 38
2026/10/08 05:31:41.124, 5, 120 MHz, 3996 MHz, 183.32 W, 36
2026/10/08 05:31:41.124, 6, 120 MHz, 3996 MHz, 186.78 W, 34
2026/10/08 05:31:41.124, 7, 120 MHz, 3996 MHz, 186.53 W, 33
2026/10/08 05:31:42.124, 0, 120 MHz, 3996 MHz, 186.41 W, 36
2026/10/08 05:31:42.124, 1, 120 MHz, 3996 MHz, 187.88 W, 38
2026/10/08 05:31:42.124, 2, 120 MHz, 3996 MHz, 185.93 W, 34
2026/10/08 05:31:42.124, 3, 2032 MHz, 3996 MHz, 239.30 W, 35
2026/10/08 05:31:42.124, 4, 120 MHz, 3996 MHz, 184.49 W, 38
2026/10/08 05:31:42.124, 5, 120 MHz, 3996 MHz, 183.59 W, 36
2026/10/08 05:31:42.124, 6, 120 MHz, 3996 MHz, 186.78 W, 34
2026/10/08 05:31:42.124, 7, 120 MHz, 3996 MHz, 186.53 W, 33
2026/10/08 05:31:43.124, 0, 120 MHz, 3996 MHz, 186.41 W, 36
2026/10/08 05:31:43.124, 1, 120 MHz, 3996 MHz, 188.23 W, 38
2026/10/08 05:31:43.124, 2, 120 MHz, 3996 MHz, 185.93 W, 34
2026/10/08 05:31:43.124, 3, 2032 MHz, 3996 MHz, 240.06 W, 35
2026/10/08 05:31:43.124, 4, 120 MHz, 3996 MHz, 184.48 W, 38
2026/10/08 05:31:43.124, 5, 120 MHz, 3996 MHz, 183.77 W, 36
2026/10/08 05:31:43.125, 6, 120 MHz, 3996 MHz, 186.78 W, 34
2026/10/08 05:31:43.125, 7, 120 MHz, 3996 MHz, 186.53 W, 33
2026/10/08 05:31:44.125, 0, 120 MHz, 3996 MHz, 186.41 W, 36
2026/10/08 05:31:44.125, 1, 120 MHz, 3996 MHz, 188.23 W, 38
2026/10/08 05:31:44.125, 2, 2032 MHz, 3996 MHz, 228.05 W, 35
2026/10/08 05:31:44.125, 3, 2032 MHz, 3996 MHz, 239.44 W, 35
2026/10/08 05:31:44.125, 4, 120 MHz, 3996 MHz, 184.48 W, 38
2026/10/08 05:31:44.125, 5, 120 MHz, 3996 MHz, 183.53 W, 36
2026/10/08 05:31:44.125, 6, 120 MHz, 3996 MHz, 186.78 W, 34
2026/10/08 05:31:44.125, 7, 120 MHz, 3996 MHz, 186.53 W, 33
2026/10/08 05:31:45.125, 0, 120 MHz, 3996 MHz, 186.41 W, 36
2026/10/08 05:31:45.125, 1, 120 MHz, 3996 MHz, 188.15 W, 38
2026/10/08 05:31:45.125, 2, 2032 MHz, 3996 MHz, 238.54 W, 35
2026/10/08 05:31:45.125, 3, 2032 MHz, 3996 MHz, 261.65 W, 36
2026/10/08 05:31:45.125, 4, 120 MHz, 3996 MHz, 184.48 W, 38
2026/10/08 05:31:45.125, 5, 120 MHz, 3996 MHz, 183.89 W, 36
2026/10/08 05:31:45.125, 6, 120 MHz, 3996 MHz, 186.78 W, 34
2026/10/08 05:31:45.125, 7, 120 MHz, 3996 MHz, 186.53 W, 33
2026/10/08 05:31:46.125, 0, 120 MHz, 3996 MHz, 186.41 W, 36
2026/10/08 05:31:46.125, 1, 120 MHz, 3996 MHz, 188.19 W, 38
2026/10/08 05:31:46.125, 2, 2032 MHz, 3996 MHz, 238.56 W, 35
2026/10/08 05:31:46.125, 3, 2032 MHz, 3996 MHz, 273.87 W, 35
2026/10/08 05:31:46.125, 4, 120 MHz, 3996 MHz, 184.48 W, 38
2026/10/08 05:31:46.125, 5, 120 MHz, 3996 MHz, 183.76 W, 36
2026/10/08 05:31:46.125, 6, 120 MHz, 3996 MHz, 186.78 W, 34
2026/10/08 05:31:46.125, 7, 120 MHz, 3996 MHz, 186.53 W, 33
2026/10/08 05:31:47.125, 0, 120 MHz, 3996 MHz, 186.41 W, 36
2026/10/08 05:31:47.125, 1, 120 MHz, 3996 MHz, 188.23 W, 38
2026/10/08 05:31:47.126, 2, 2032 MHz, 3996 MHz, 238.86 W, 35
2026/10/08 05:31:47.126, 3, 2032 MHz, 3996 MHz, 255.45 W, 35
2026/10/08 05:31:47.126, 4, 120 MHz, 3996 MHz, 184.48 W, 38
2026/10/08 05:31:47.126, 5, 120 MHz, 3996 MHz, 183.97 W, 36
2026/10/08 05:31:47.126, 6, 120 MHz, 3996 MHz, 186.78 W, 34
2026/10/08 05:31:47.126, 7, 120 MHz, 3996 MHz, 186.53 W, 33
2026/10/08 05:31:48.126, 0, 120 MHz, 3996 MHz, 186.41 W, 36
2026/10/08 05:31:48.126, 1, 120 MHz, 3996 MHz, 188.19 W, 38
2026/10/08 05:31:48.126, 2, 2032 MHz, 3996 MHz, 238.69 W, 35
2026/10/08 05:31:48.126, 3, 2032 MHz, 3996 MHz, 245.76 W, 35
2026/10/08 05:31:48.126, 4, 120 MHz, 3996 MHz, 184.48 W, 38
2026/10/08 05:31:48.126, 5, 120 MHz, 3996 MHz, 183.60 W, 37
2026/10/08 05:31:48.126, 6, 120 MHz, 3996 MHz, 186.78 W, 34
2026/10/08 05:31:48.126, 7, 120 MHz, 3996 MHz, 186.53 W, 33
2026/10/08 05:31:49.126, 0, 120 MHz, 3996 MHz, 186.41 W, 36
2026/10/08 05:31:49.126, 1, 120 MHz, 3996 MHz, 188.23 W, 38
2026/10/08 05:31:49.126, 2, 2032 MHz, 3996 MHz, 239.79 W, 35
2026/10/08 05:31:49.126, 3, 2032 MHz, 3996 MHz, 238.73 W, 35
2026/10/08 05:31:49.126, 4, 120 MHz, 3996 MHz, 184.47 W, 38
2026/10/08 05:31:49.126, 5, 120 MHz, 3996 MHz, 183.69 W, 37
2026/10/08 05:31:49.126, 6, 120 MHz, 3996 MHz, 186.78 W, 34
2026/10/08 05:31:49.126, 7, 120 MHz, 3996 MHz, 186.53 W, 33
2026/10/08 05:31:50.126, 0, 120 MHz, 3996 MHz, 186.41 W, 36
2026/10/08 05:31:50.126, 1, 120 MHz, 3996 MHz, 188.15 W, 38
2026/10/08 05:31:50.126, 2, 2032 MHz, 3996 MHz, 256.92 W, 35
2026/10/08 05:31:50.126, 3, 2032 MHz, 3996 MHz, 239.16 W, 35
2026/10/08 05:31:50.126, 4, 120 MHz, 3996 MHz, 184.48 W, 38
2026/10/08 05:31:50.126, 5, 120 MHz, 3996 MHz, 183.61 W, 37
2026/10/08 05:31:50.127, 6, 120 MHz, 3996 MHz, 186.78 W, 34
2026/10/08 05:31:50.127, 7, 120 MHz, 3996 MHz, 186.53 W, 33
2026/10/08 05:31:51.127, 0, 120 MHz, 3996 MHz, 186.41 W, 36
2026/10/08 05:31:51.127, 1, 120 MHz, 3996 MHz, 188.23 W, 38
2026/10/08 05:31:51.127, 2, 2032 MHz, 3996 MHz, 241.60 W, 35
2026/10/08 05:31:51.127, 3, 2032 MHz, 3996 MHz, 239.29 W, 35
2026/10/08 05:31:51.127, 4, 120 MHz, 3996 MHz, 184.48 W, 38
2026/10/08 05:31:51.127, 5, 120 MHz, 3996 MHz, 183.92 W, 37
2026/10/08 05:31:51.127, 6, 120 MHz, 3996 MHz, 186.78 W, 34
2026/10/08 05:31:51.127, 7, 120 MHz, 3996 MHz, 186.53 W, 33
2026/10/08 05:31:52.127, 0, 120 MHz, 3996 MHz, 186.41 W, 36
2026/10/08 05:31:52.127, 1, 120 MHz, 3996 MHz, 188.19 W, 38
2026/10/08 05:31:52.127, 2, 2032 MHz, 3996 MHz, 272.01 W, 35
2026/10/08 05:31:52.127, 3, 2032 MHz, 3996 MHz, 247.02 W, 35
2026/10/08 05:31:52.127, 4, 120 MHz, 3996 MHz, 184.49 W, 38
2026/10/08 05:31:52.127, 5, 120 MHz, 3996 MHz, 183.70 W, 37
2026/10/08 05:31:52.127, 6, 120 MHz, 3996 MHz, 186.78 W, 34
2026/10/08 05:31:52.127, 7, 120 MHz, 3996 MHz, 186.49 W, 32
2026/10/08 05:31:53.127, 0, 120 MHz, 3996 MHz, 186.41 W, 36
2026/10/08 05:31:53.127, 1, 120 MHz, 3996 MHz, 188.23 W, 38
2026/10/08 05:31:53.127, 2, 2032 MHz, 3996 MHz, 257.55 W, 36
2026/10/08 05:31:53.127, 3, 2032 MHz, 3996 MHz, 238.86 W, 35
2026/10/08 05:31:53.127, 4, 120 MHz, 3996 MHz, 184.48 W, 38
2026/10/08 05:31:53.127, 5, 120 MHz, 3996 MHz, 184.05 W, 37
2026/10/08 05:31:53.127, 6, 120 MHz, 3996 MHz, 186.78 W, 33
2026/10/08 05:31:53.127, 7, 120 MHz, 3996 MHz, 186.53 W, 32
2026/10/08 05:31:54.128, 0, 120 MHz, 3996 MHz, 186.41 W, 36
2026/10/08 05:31:54.128, 1, 120 MHz, 3996 MHz, 188.23 W, 38
2026/10/08 05:31:54.128, 2, 2032 MHz, 3996 MHz, 238.82 W, 35
2026/10/08 05:31:54.128, 3, 2032 MHz, 3996 MHz, 238.73 W, 35
2026/10/08 05:31:54.128, 4, 120 MHz, 3996 MHz, 184.48 W, 38
2026/10/08 05:31:54.128, 5, 120 MHz, 3996 MHz, 183.26 W, 37
2026/10/08 05:31:54.128, 6, 120 MHz, 3996 MHz, 186.78 W, 33
2026/10/08 05:31:54.128, 7, 120 MHz, 3996 MHz, 186.53 W, 32
2026/10/08 05:31:55.128, 0, 120 MHz, 3996 MHz, 186.41 W, 36
2026/10/08 05:31:55.128, 1, 120 MHz, 3996 MHz, 188.23 W, 38
2026/10/08 05:31:55.128, 2, 2032 MHz, 3996 MHz, 243.82 W, 35
2026/10/08 05:31:55.128, 3, 2032 MHz, 3996 MHz, 238.71 W, 35
2026/10/08 05:31:55.128, 4, 120 MHz, 3996 MHz, 184.48 W, 38
2026/10/08 05:31:55.128, 5, 120 MHz, 3996 MHz, 182.64 W, 37
2026/10/08 05:31:55.128, 6, 120 MHz, 3996 MHz, 186.78 W, 33
2026/10/08 05:31:55.128, 7, 120 MHz, 3996 MHz, 186.53 W, 32
2026/10/08 05:31:56.128, 0, 120 MHz, 3996 MHz, 186.41 W, 36
2026/10/08 05:31:56.128, 1, 120 MHz, 3996 MHz, 188.23 W, 38
2026/10/08 05:31:56.128, 2, 2032 MHz, 3996 MHz, 239.94 W, 35
2026/10/08 05:31:56.128, 3, 2032 MHz, 3996 MHz, 238.61 W, 35
2026/10/08 05:31:56.128, 4, 120 MHz, 3996 MHz, 184.49 W, 38
2026/10/08 05:31:56.128, 5, 120 MHz, 3996 MHz, 182.73 W, 37
2026/10/08 05:31:56.128, 6, 120 MHz, 3996 MHz, 186.78 W, 33
2026/10/08 05:31:56.128, 7, 120 MHz, 3996 MHz, 186.53 W, 32
2026/10/08 05:31:57.128, 0, 120 MHz, 3996 MHz, 186.41 W, 36
2026/10/08 05:31:57.129, 1, 120 MHz, 3996 MHz, 188.23 W, 38
2026/10/08 05:31:57.129, 2, 2032 MHz, 3996 MHz, 238.61 W, 35
2026/10/08 05:31:57.129, 3, 2032 MHz, 3996 MHz, 238.61 W, 35
2026/10/08 05:31:57.129, 4, 120 MHz, 3996 MHz, 184.50 W, 38
2026/10/08 05:31:57.129, 5, 120 MHz, 3996 MHz, 182.80 W, 37
2026/10/08 05:31:57.129, 6, 120 MHz, 3996 MHz, 186.78 W, 33
2026/10/08 05:31:57.129, 7, 120 MHz, 3996 MHz, 186.53 W, 32
2026/10/08 05:31:58.129, 0, 120 MHz, 3996 MHz, 186.41 W, 36
2026/10/08 05:31:58.129, 1, 120 MHz, 3996 MHz, 188.23 W, 38
2026/10/08 05:31:58.129, 2, 2032 MHz, 3996 MHz, 238.61 W, 35
2026/10/08 05:31:58.129, 3, 2032 MHz, 3996 MHz, 238.69 W, 35
2026/10/08 05:31:58.129, 4, 120 MHz, 3996 MHz, 184.52 W, 38
2026/10/08 05:31:58.129, 5, 120 MHz, 3996 MHz, 182.92 W, 37
2026/10/08 05:31:58.129, 6, 120 MHz, 3996 MHz, 186.78 W, 33
2026/10/08 05:31:58.129, 7, 120 MHz, 3996 MHz, 186.53 W, 32
2026/10/08 05:31:59.129, 0, 120 MHz, 3996 MHz, 186.41 W, 36
2026/10/08 05:31:59.129, 1, 120 MHz, 3996 MHz, 188.23 W, 38
2026/10/08 05:31:59.129, 2, 2032 MHz, 3996 MHz, 238.96 W, 35
2026/10/08 05:31:59.129, 3, 2032 MHz, 3996 MHz, 238.61 W, 35
2026/10/08 05:31:59.129, 4, 120 MHz, 3996 MHz, 184.54 W, 38
2026/10/08 05:31:59.129, 5, 120 MHz, 3996 MHz, 182.83 W, 37
2026/10/08 05:31:59.129, 6, 120 MHz, 3996 MHz, 186.78 W, 33
2026/10/08 05:31:59.129, 7, 120 MHz, 3996 MHz, 186.53 W, 32
2026/10/08 05:32:00.129, 0, 120 MHz, 3996 MHz, 186.41 W, 36
2026/10/08 05:32:00.130, 1, 120 MHz, 3996 MHz, 188.23 W, 38
2026/10/08 05:32:00.130, 2, 2032 MHz, 3996 MHz, 247.48 W, 35
2026/10/08 05:32:00.130, 3, 2032 MHz, 3996 MHz, 238.70 W, 35
2026/10/08 05:32:00.130, 4, 120 MHz, 3996 MHz, 184.51 W, 38
2026/10/08 05:32:00.130, 5, 120 MHz, 3996 MHz, 182.81 W, 37
2026/10/08 05:32:00.130, 6, 120 MHz, 3996 MHz, 186.78 W, 33
2026/10/08 05:32:00.130, 7, 120 MHz, 3996 MHz, 186.53 W, 32
2026/10/08 05:32:01.130, 0, 120 MHz, 3996 MHz, 186.41 W, 36
2026/10/08 05:32:01.130, 1, 120 MHz, 3996 MHz, 188.23 W, 38
2026/10/08 05:32:01.130, 2, 2032 MHz, 3996 MHz, 238.61 W, 35
2026/10/08 05:32:01.130, 3, 2032 MHz, 3996 MHz, 238.69 W, 35
2026/10/08 05:32:01.130, 4, 120 MHz, 3996 MHz, 184.54 W, 38
2026/10/08 05:32:01.130, 5, 120 MHz, 3996 MHz, 182.84 W, 37
2026/10/08 05:32:01.130, 6, 120 MHz, 3996 MHz, 186.78 W, 33
2026/10/08 05:32:01.130, 7, 120 MHz, 3996 MHz, 186.54 W, 32
2026/10/08 05:32:02.130, 0, 120 MHz, 3996 MHz, 186.41 W, 36
2026/10/08 05:32:02.130, 1, 120 MHz, 3996 MHz, 188.23 W, 38
2026/10/08 05:32:02.130, 2, 2032 MHz, 3996 MHz, 243.34 W, 35
2026/10/08 05:32:02.130, 3, 2032 MHz, 3996 MHz, 245.22 W, 35
2026/10/08 05:32:02.130, 4, 120 MHz, 3996 MHz, 184.51 W, 38
2026/10/08 05:32:02.130, 5, 120 MHz, 3996 MHz, 182.65 W, 37
2026/10/08 05:32:02.130, 6, 120 MHz, 3996 MHz, 186.78 W, 33
2026/10/08 05:32:02.130, 7, 120 MHz, 3996 MHz, 186.49 W, 32
2026/10/08 05:32:03.130, 0, 120 MHz, 3996 MHz, 186.41 W, 36
2026/10/08 05:32:03.130, 1, 120 MHz, 3996 MHz, 188.23 W, 38
2026/10/08 05:32:03.130, 2, 2032 MHz, 3996 MHz, 240.48 W, 35
2026/10/08 05:32:03.130, 3, 2032 MHz, 3996 MHz, 238.61 W, 35
2026/10/08 05:32:03.130, 4, 120 MHz, 3996 MHz, 184.54 W, 38
2026/10/08 05:32:03.130, 5, 120 MHz, 3996 MHz, 182.92 W, 37
2026/10/08 05:32:03.130, 6, 120 MHz, 3996 MHz, 186.78 W, 33
2026/10/08 05:32:03.130, 7, 120 MHz, 3996 MHz, 186.49 W, 32
2026/10/08 05:32:04.131, 0, 120 MHz, 3996 MHz, 186.41 W, 36
2026/10/08 05:32:04.131, 1, 120 MHz, 3996 MHz, 188.23 W, 38
2026/10/08 05:32:04.131, 2, 2032 MHz, 3996 MHz, 238.61 W, 35
2026/10/08 05:32:04.131, 3, 2032 MHz, 3996 MHz, 238.61 W, 35
2026/10/08 05:32:04.131, 4, 120 MHz, 3996 MHz, 184.54 W, 38
2026/10/08 05:32:04.131, 5, 120 MHz, 3996 MHz, 182.96 W, 37
2026/10/08 05:32:04.131, 6, 120 MHz, 3996 MHz, 186.78 W, 33
2026/10/08 05:32:04.131, 7, 120 MHz, 3996 MHz, 186.49 W, 32
2026/10/08 05:32:05.131, 0, 120 MHz, 3996 MHz, 186.41 W, 36
2026/10/08 05:32:05.131, 1, 120 MHz, 3996 MHz, 188.23 W, 38
2026/10/08 05:32:05.131, 2, 2032 MHz, 3996 MHz, 238.19 W, 35
2026/10/08 05:32:05.131, 3, 2032 MHz, 3996 MHz, 238.61 W, 35
2026/10/08 05:32:05.131, 4, 120 MHz, 3996 MHz, 184.58 W, 38
2026/10/08 05:32:05.131, 5, 120 MHz, 3996 MHz, 182.84 W, 37
2026/10/08 05:32:05.131, 6, 120 MHz, 3996 MHz, 186.78 W, 33
2026/10/08 05:32:05.131, 7, 120 MHz, 3996 MHz, 186.49 W, 32
2026/10/08 05:32:06.131, 0, 120 MHz, 3996 MHz, 186.41 W, 36
2026/10/08 05:32:06.131, 1, 120 MHz, 3996 MHz, 188.23 W, 38
2026/10/08 05:32:06.131, 2, 2032 MHz, 3996 MHz, 238.02 W, 35
2026/10/08 05:32:06.131, 3, 2032 MHz, 3996 MHz, 238.53 W, 35
2026/10/08 05:32:06.131, 4, 120 MHz, 3996 MHz, 184.56 W, 38
2026/10/08 05:32:06.131, 5, 120 MHz, 3996 MHz, 183.00 W, 37
2026/10/08 05:32:06.131, 6, 120 MHz, 3996 MHz, 186.78 W, 33
2026/10/08 05:32:06.131, 7, 120 MHz, 3996 MHz, 186.47 W, 32
2026/10/08 05:32:07.132, 0, 120 MHz, 3996 MHz, 186.41 W, 36
2026/10/08 05:32:07.132, 1, 120 MHz, 3996 MHz, 188.23 W, 38
2026/10/08 05:32:07.132, 2, 2032 MHz, 3996 MHz, 237.65 W, 34
2026/10/08 05:32:07.132, 3, 2032 MHz, 3996 MHz, 238.54 W, 35
2026/10/08 05:32:07.132, 4, 120 MHz, 3996 MHz, 184.58 W, 38
2026/10/08 05:32:07.132, 5, 120 MHz, 3996 MHz, 182.73 W, 37
2026/10/08 05:32:07.132, 6, 120 MHz, 3996 MHz, 186.74 W, 33
2026/10/08 05:32:07.132, 7, 120 MHz, 3996 MHz, 186.05 W, 32
2026/10/08 05:32:08.132, 0, 120 MHz, 3996 MHz, 186.41 W, 36
2026/10/08 05:32:08.132, 1, 120 MHz, 3996 MHz, 188.23 W, 38
2026/10/08 05:32:08.132, 2, 2032 MHz, 3996 MHz, 237.51 W, 34
2026/10/08 05:32:08.132, 3, 2032 MHz, 3996 MHz, 536.27 W, 40
2026/10/08 05:32:08.132, 4, 120 MHz, 3996 MHz, 184.56 W, 38
2026/10/08 05:32:08.132, 5, 120 MHz, 3996 MHz, 182.85 W, 37
2026/10/08 05:32:08.132, 6, 120 MHz, 3996 MHz, 186.78 W, 33
2026/10/08 05:32:08.132, 7, 120 MHz, 3996 MHz, 186.12 W, 32
2026/10/08 05:32:09.132, 0, 120 MHz, 3996 MHz, 186.41 W, 36
2026/10/08 05:32:09.132, 1, 120 MHz, 3996 MHz, 188.23 W, 38
2026/10/08 05:32:09.132, 2, 2032 MHz, 3996 MHz, 505.43 W, 39
2026/10/08 05:32:09.132, 3, 2032 MHz, 3996 MHz, 291.56 W, 35
2026/10/08 05:32:09.132, 4, 120 MHz, 3996 MHz, 184.59 W, 38
2026/10/08 05:32:09.132, 5, 120 MHz, 3996 MHz, 182.86 W, 37
2026/10/08 05:32:09.132, 6, 120 MHz, 3996 MHz, 186.74 W, 33
2026/10/08 05:32:09.132, 7, 120 MHz, 3996 MHz, 186.12 W, 32
2026/10/08 05:32:10.133, 0, 120 MHz, 3996 MHz, 186.41 W, 36
2026/10/08 05:32:10.133, 1, 120 MHz, 3996 MHz, 188.23 W, 38
2026/10/08 05:32:10.133, 2, 2032 MHz, 3996 MHz, 327.13 W, 36
2026/10/08 05:32:10.133, 3, 2032 MHz, 3996 MHz, 791.87 W, 44
2026/10/08 05:32:10.133, 4, 120 MHz, 3996 MHz, 184.59 W, 38
2026/10/08 05:32:10.133, 5, 120 MHz, 3996 MHz, 182.73 W, 37
2026/10/08 05:32:10.133, 6, 120 MHz, 3996 MHz, 186.70 W, 33
2026/10/08 05:32:10.133, 7, 120 MHz, 3996 MHz, 186.07 W, 32
2026/10/08 05:32:11.133, 0, 120 MHz, 3996 MHz, 186.41 W, 36
2026/10/08 05:32:11.133, 1, 120 MHz, 3996 MHz, 188.23 W, 38
2026/10/08 05:32:11.133, 2, 1410 MHz, 3996 MHz, 462.52 W, 47
2026/10/08 05:32:11.133, 3, 2032 MHz, 3996 MHz, 799.98 W, 43
2026/10/08 05:32:11.133, 4, 120 MHz, 3996 MHz, 184.59 W, 38
2026/10/08 05:32:11.133, 5, 120 MHz, 3996 MHz, 182.78 W, 37
2026/10/08 05:32:11.133, 6, 120 MHz, 3996 MHz, 186.74 W, 33
2026/10/08 05:32:11.133, 7, 120 MHz, 3996 MHz, 185.82 W, 32
2026/10/08 05:32:12.133, 0, 120 MHz, 3996 MHz, 186.41 W, 36
2026/10/08 05:32:12.133, 1, 120 MHz, 3996 MHz, 188.23 W, 38
2026/10/08 05:32:12.133, 2, 2032 MHz, 3996 MHz, 858.68 W, 43
2026/10/08 05:32:12.133, 3, 2032 MHz, 3996 MHz, 802.04 W, 44
2026/10/08 05:32:12.133, 4, 120 MHz, 3996 MHz, 184.59 W, 38
2026/10/08 05:32:12.133, 5, 120 MHz, 3996 MHz, 182.82 W, 37
2026/10/08 05:32:12.133, 6, 120 MHz, 3996 MHz, 186.70 W, 33
2026/10/08 05:32:12.133, 7, 120 MHz, 3996 MHz, 185.61 W, 31
2026/10/08 05:32:13.134, 0, 120 MHz, 3996 MHz, 186.41 W, 36
2026/10/08 05:32:13.134, 1, 120 MHz, 3996 MHz, 188.23 W, 38
2026/10/08 05:32:13.134, 2, 2032 MHz, 3996 MHz, 795.22 W, 43
2026/10/08 05:32:13.134, 3, 2032 MHz, 3996 MHz, 805.26 W, 44
2026/10/08 05:32:13.134, 4, 120 MHz, 3996 MHz, 184.59 W, 38
2026/10/08 05:32:13.134, 5, 120 MHz, 3996 MHz, 182.79 W, 37
2026/10/08 05:32:13.134, 6, 120 MHz, 3996 MHz, 186.66 W, 32
2026/10/08 05:32:13.134, 7, 120 MHz, 3996 MHz, 185.66 W, 31
2026/10/08 05:32:14.134, 0, 120 MHz, 3996 MHz, 186.41 W, 36
2026/10/08 05:32:14.134, 1, 120 MHz, 3996 MHz, 188.23 W, 38
2026/10/08 05:32:14.134, 2, 2032 MHz, 3996 MHz, 795.95 W, 44
2026/10/08 05:32:14.134, 3, 1305 MHz, 3996 MHz, 958.75 W, 54
2026/10/08 05:32:14.134, 4, 120 MHz, 3996 MHz, 184.59 W, 38
2026/10/08 05:32:14.134, 5, 120 MHz, 3996 MHz, 182.89 W, 37
2026/10/08 05:32:14.134, 6, 120 MHz, 3996 MHz, 186.58 W, 32
2026/10/08 05:32:14.134, 7, 120 MHz, 3996 MHz, 185.42 W, 31
2026/10/08 05:32:15.134, 0, 120 MHz, 3996 MHz, 186.41 W, 36
2026/10/08 05:32:15.134, 1, 120 MHz, 3996 MHz, 188.23 W, 38
2026/10/08 05:32:15.134, 2, 2032 MHz, 3996 MHz, 798.76 W, 44
2026/10/08 05:32:15.134, 3, 2032 MHz, 3996 MHz, 797.74 W, 45
2026/10/08 05:32:15.134, 4, 120 MHz, 3996 MHz, 184.59 W, 38
2026/10/08 05:32:15.134, 5, 120 MHz, 3996 MHz, 182.74 W, 37
2026/10/08 05:32:15.134, 6, 120 MHz, 3996 MHz, 186.33 W, 32
2026/10/08 05:32:15.134, 7, 120 MHz, 3996 MHz, 185.07 W, 31
2026/10/08 05:32:16.134, 0, 120 MHz, 3996 MHz, 186.41 W, 36
2026/10/08 05:32:16.134, 1, 120 MHz, 3996 MHz, 188.23 W, 38
2026/10/08 05:32:16.134, 2, 2032 MHz, 3996 MHz, 938.25 W, 45
2026/10/08 05:32:16.135, 3, 2032 MHz, 3996 MHz, 803.83 W, 45
2026/10/08 05:32:16.135, 4, 120 MHz, 3996 MHz, 184.59 W, 38
2026/10/08 05:32:16.135, 5, 120 MHz, 3996 MHz, 182.79 W, 37
2026/10/08 05:32:16.135, 6, 120 MHz, 3996 MHz, 185.93 W, 32
2026/10/08 05:32:16.135, 7, 120 MHz, 3996 MHz, 185.18 W, 31
2026/10/08 05:32:17.135, 0, 120 MHz, 3996 MHz, 186.41 W, 36
2026/10/08 05:32:17.135, 1, 120 MHz, 3996 MHz, 188.23 W, 38
2026/10/08 05:32:17.135, 2, 2032 MHz, 3996 MHz, 794.40 W, 45
2026/10/08 05:32:17.135, 3, 2032 MHz, 3996 MHz, 810.37 W, 45
2026/10/08 05:32:17.135, 4, 120 MHz, 3996 MHz, 184.59 W, 38
2026/10/08 05:32:17.135, 5, 120 MHz, 3996 MHz, 182.78 W, 37
2026/10/08 05:32:17.135, 6, 120 MHz, 3996 MHz, 185.78 W, 32
2026/10/08 05:32:17.135, 7, 120 MHz, 3996 MHz, 185.03 W, 31
2026/10/08 05:32:18.135, 0, 120 MHz, 3996 MHz, 186.41 W, 36
2026/10/08 05:32:18.135, 1, 120 MHz, 3996 MHz, 188.23 W, 38
2026/10/08 05:32:18.135, 2, 2032 MHz, 3996 MHz, 796.59 W, 45
2026/10/08 05:32:18.135, 3, 1365 MHz, 3996 MHz, 890.34 W, 55
2026/10/08 05:32:18.135, 4, 120 MHz, 3996 MHz, 184.59 W, 38
2026/10/08 05:32:18.135, 5, 120 MHz, 3996 MHz, 182.75 W, 37
2026/10/08 05:32:18.135, 6, 120 MHz, 3996 MHz, 185.82 W, 32
2026/10/08 05:32:18.135, 7, 120 MHz, 3996 MHz, 184.99 W, 31
2026/10/08 05:32:19.135, 0, 120 MHz, 3996 MHz, 186.41 W, 36
2026/10/08 05:32:19.135, 1, 120 MHz, 3996 MHz, 188.23 W, 38
2026/10/08 05:32:19.135, 2, 2032 MHz, 3996 MHz, 799.74 W, 45
2026/10/08 05:32:19.135, 3, 2032 MHz, 3996 MHz, 865.83 W, 46
2026/10/08 05:32:19.135, 4, 120 MHz, 3996 MHz, 184.59 W, 38
2026/10/08 05:32:19.135, 5, 120 MHz, 3996 MHz, 182.93 W, 37
2026/10/08 05:32:19.135, 6, 120 MHz, 3996 MHz, 185.41 W, 32
2026/10/08 05:32:19.135, 7, 120 MHz, 3996 MHz, 184.69 W, 31
2026/10/08 05:32:20.135, 0, 120 MHz, 3996 MHz, 186.41 W, 36
2026/10/08 05:32:20.136, 1, 120 MHz, 3996 MHz, 188.23 W, 39
2026/10/08 05:32:20.136, 2, 1380 MHz, 3996 MHz, 961.15 W, 54
2026/10/08 05:32:20.136, 3, 2032 MHz, 3996 MHz, 805.91 W, 46
2026/10/08 05:32:20.136, 4, 120 MHz, 3996 MHz, 184.59 W, 38
2026/10/08 05:32:20.136, 5, 120 MHz, 3996 MHz, 182.85 W, 37
2026/10/08 05:32:20.136, 6, 120 MHz, 3996 MHz, 185.28 W, 32
2026/10/08 05:32:20.136, 7, 120 MHz, 3996 MHz, 184.70 W, 31
2026/10/08 05:32:21.136, 0, 120 MHz, 3996 MHz, 186.41 W, 36
2026/10/08 05:32:21.136, 1, 120 MHz, 3996 MHz, 188.23 W, 39
2026/10/08 05:32:21.136, 2, 2032 MHz, 3996 MHz, 790.41 W, 46
2026/10/08 05:32:21.136, 3, 2032 MHz, 3996 MHz, 810.77 W, 46
2026/10/08 05:32:21.136, 4, 120 MHz, 3996 MHz, 184.58 W, 38
2026/10/08 05:32:21.136, 5, 120 MHz, 3996 MHz, 182.84 W, 37
2026/10/08 05:32:21.136, 6, 120 MHz, 3996 MHz, 185.17 W, 32
2026/10/08 05:32:21.136, 7, 120 MHz, 3996 MHz, 184.65 W, 31
2026/10/08 05:32:22.136, 0, 120 MHz, 3996 MHz, 186.41 W, 37
2026/10/08 05:32:22.136, 1, 120 MHz, 3996 MHz, 188.23 W, 39
2026/10/08 05:32:22.136, 2, 2032 MHz, 3996 MHz, 798.28 W, 45
2026/10/08 05:32:22.136, 3, 2032 MHz, 3996 MHz, 810.36 W, 46
2026/10/08 05:32:22.136, 4, 120 MHz, 3996 MHz, 184.59 W, 38
2026/10/08 05:32:22.136, 5, 120 MHz, 3996 MHz, 182.76 W, 37
2026/10/08 05:32:22.136, 6, 120 MHz, 3996 MHz, 185.07 W, 32
2026/10/08 05:32:22.136, 7, 120 MHz, 3996 MHz, 185.69 W, 31
2026/10/08 05:32:23.136, 0, 120 MHz, 3996 MHz, 186.41 W, 37
2026/10/08 05:32:23.136, 1, 120 MHz, 3996 MHz, 188.23 W, 39
2026/10/08 05:32:23.136, 2, 2032 MHz, 3996 MHz, 801.53 W, 46
2026/10/08 05:32:23.136, 3, 2032 MHz, 3996 MHz, 956.01 W, 47
2026/10/08 05:32:23.137, 4, 120 MHz, 3996 MHz, 184.59 W, 38
2026/10/08 05:32:23.137, 5, 120 MHz, 3996 MHz, 182.80 W, 37
2026/10/08 05:32:23.137, 6, 120 MHz, 3996 MHz, 184.98 W, 32
2026/10/08 05:32:23.137, 7, 120 MHz, 3996 MHz, 186.20 W, 31
2026/10/08 05:32:24.137, 0, 120 MHz, 3996 MHz, 186.41 W, 37
2026/10/08 05:32:24.137, 1, 120 MHz, 3996 MHz, 188.23 W, 39
2026/10/08 05:32:24.137, 2, 1357 MHz, 3996 MHz, 890.15 W, 55
2026/10/08 05:32:24.137, 3, 2032 MHz, 3996 MHz, 808.60 W, 47
2026/10/08 05:32:24.137, 4, 120 MHz, 3996 MHz, 184.63 W, 38
2026/10/08 05:32:24.137, 5, 120 MHz, 3996 MHz, 182.83 W, 37
2026/10/08 05:32:24.137, 6, 120 MHz, 3996 MHz, 186.20 W, 32
2026/10/08 05:32:24.137, 7, 120 MHz, 3996 MHz, 186.31 W, 31
2026/10/08 05:32:25.137, 0, 120 MHz, 3996 MHz, 186.41 W, 37
2026/10/08 05:32:25.137, 1, 120 MHz, 3996 MHz, 188.23 W, 39
2026/10/08 05:32:25.137, 2, 2032 MHz, 3996 MHz, 866.78 W, 46
2026/10/08 05:32:25.137, 3, 2032 MHz, 3996 MHz, 809.18 W, 47
2026/10/08 05:32:25.137, 4, 120 MHz, 3996 MHz, 184.59 W, 38
2026/10/08 05:32:25.137, 5, 120 MHz, 3996 MHz, 182.82 W, 37
2026/10/08 05:32:25.137, 6, 120 MHz, 3996 MHz, 186.70 W, 32
2026/10/08 05:32:25.137, 7, 120 MHz, 3996 MHz, 186.23 W, 30
2026/10/08 05:32:26.137, 0, 120 MHz, 3996 MHz, 186.41 W, 37
2026/10/08 05:32:26.137, 1, 120 MHz, 3996 MHz, 188.23 W, 39
2026/10/08 05:32:26.137, 2, 2032 MHz, 3996 MHz, 798.46 W, 46
2026/10/08 05:32:26.137, 3, 2032 MHz, 3996 MHz, 811.69 W, 47
2026/10/08 05:32:26.137, 4, 120 MHz, 3996 MHz, 184.59 W, 38
2026/10/08 05:32:26.137, 5, 120 MHz, 3996 MHz, 182.82 W, 36
2026/10/08 05:32:26.137, 6, 120 MHz, 3996 MHz, 186.62 W, 32
2026/10/08 05:32:26.137, 7, 120 MHz, 3996 MHz, 185.93 W, 30
2026/10/08 05:32:27.138, 0, 120 MHz, 3996 MHz, 186.41 W, 37
2026/10/08 05:32:27.138, 1, 120 MHz, 3996 MHz, 188.23 W, 39
2026/10/08 05:32:27.138, 2, 2032 MHz, 3996 MHz, 803.64 W, 46
2026/10/08 05:32:27.138, 3, 2032 MHz, 3996 MHz, 954.12 W, 48
2026/10/08 05:32:27.138, 4, 2032 MHz, 3996 MHz, 237.74 W, 39
2026/10/08 05:32:27.138, 5, 120 MHz, 3996 MHz, 182.68 W, 36
2026/10/08 05:32:27.138, 6, 120 MHz, 3996 MHz, 186.46 W, 31
2026/10/08 05:32:27.138, 7, 120 MHz, 3996 MHz, 185.79 W, 30
2026/10/08 05:32:28.138, 0, 120 MHz, 3996 MHz, 186.41 W, 37
2026/10/08 05:32:28.138, 1, 120 MHz, 3996 MHz, 188.23 W, 39
2026/10/08 05:32:28.138, 2, 2032 MHz, 3996 MHz, 805.62 W, 46
2026/10/08 05:32:28.138, 3, 2032 MHz, 3996 MHz, 807.51 W, 47
2026/10/08 05:32:28.138, 4, 2032 MHz, 3996 MHz, 246.06 W, 39
2026/10/08 05:32:28.138, 5, 120 MHz, 3996 MHz, 182.69 W, 36
2026/10/08 05:32:28.138, 6, 120 MHz, 3996 MHz, 186.21 W, 31
2026/10/08 05:32:28.138, 7, 120 MHz, 3996 MHz, 185.52 W, 30
2026/10/08 05:32:29.138, 0, 120 MHz, 3996 MHz, 186.41 W, 37
2026/10/08 05:32:29.138, 1, 120 MHz, 3996 MHz, 188.23 W, 39
2026/10/08 05:32:29.138, 2, 2032 MHz, 3996 MHz, 953.89 W, 47
2026/10/08 05:32:29.138, 3, 2032 MHz, 3996 MHz, 809.43 W, 47
2026/10/08 05:32:29.138, 4, 2017 MHz, 3996 MHz, 244.73 W, 39
2026/10/08 05:32:29.138, 5, 120 MHz, 3996 MHz, 182.82 W, 36
2026/10/08 05:32:29.138, 6, 120 MHz, 3996 MHz, 186.15 W, 31
2026/10/08 05:32:29.138, 7, 120 MHz, 3996 MHz, 185.37 W, 30
2026/10/08 05:32:30.138, 0, 120 MHz, 3996 MHz, 186.41 W, 37
2026/10/08 05:32:30.138, 1, 120 MHz, 3996 MHz, 188.23 W, 39
2026/10/08 05:32:30.138, 2, 2032 MHz, 3996 MHz, 799.00 W, 47
2026/10/08 05:32:30.138, 3, 2032 MHz, 3996 MHz, 813.50 W, 47
2026/10/08 05:32:30.138, 4, 315 MHz, 3996 MHz, 205.59 W, 38
2026/10/08 05:32:30.138, 5, 120 MHz, 3996 MHz, 182.73 W, 36
2026/10/08 05:32:30.139, 6, 120 MHz, 3996 MHz, 185.76 W, 31
2026/10/08 05:32:30.139, 7, 120 MHz, 3996 MHz, 185.32 W, 30
2026/10/08 05:32:31.139, 0, 120 MHz, 3996 MHz, 186.41 W, 37
2026/10/08 05:32:31.139, 1, 120 MHz, 3996 MHz, 188.23 W, 39
2026/10/08 05:32:31.139, 2, 2032 MHz, 3996 MHz, 801.34 W, 47
2026/10/08 05:32:31.139, 3, 1350 MHz, 3996 MHz, 968.12 W, 56
2026/10/08 05:32:31.139, 4, 202 MHz, 3996 MHz, 186.53 W, 38
2026/10/08 05:32:31.139, 5, 120 MHz, 3996 MHz, 182.69 W, 36
2026/10/08 05:32:31.139, 6, 120 MHz, 3996 MHz, 185.49 W, 31
2026/10/08 05:32:31.139, 7, 120 MHz, 3996 MHz, 185.10 W, 30
2026/10/08 05:32:32.139, 0, 120 MHz, 3996 MHz, 186.41 W, 37
2026/10/08 05:32:32.139, 1, 120 MHz, 3996 MHz, 188.23 W, 39
2026/10/08 05:32:32.139, 2, 2032 MHz, 3996 MHz, 808.38 W, 47
2026/10/08 05:32:32.139, 3, 2032 MHz, 3996 MHz, 800.46 W, 48
2026/10/08 05:32:32.139, 4, 135 MHz, 3996 MHz, 186.15 W, 38
2026/10/08 05:32:32.139, 5, 120 MHz, 3996 MHz, 182.81 W, 36
2026/10/08 05:32:32.139, 6, 120 MHz, 3996 MHz, 185.53 W, 31
2026/10/08 05:32:32.139, 7, 120 MHz, 3996 MHz, 185.14 W, 30
2026/10/08 05:32:33.139, 0, 120 MHz, 3996 MHz, 186.41 W, 37
2026/10/08 05:32:33.139, 1, 120 MHz, 3996 MHz, 188.23 W, 39
2026/10/08 05:32:33.139, 2, 2002 MHz, 3996 MHz, 953.25 W, 49
2026/10/08 05:32:33.139, 3, 2032 MHz, 3996 MHz, 810.97 W, 48
2026/10/08 05:32:33.139, 4, 120 MHz, 3996 MHz, 184.63 W, 38
2026/10/08 05:32:33.139, 5, 120 MHz, 3996 MHz, 182.72 W, 36
2026/10/08 05:32:33.139, 6, 120 MHz, 3996 MHz, 185.25 W, 31
2026/10/08 05:32:33.139, 7, 120 MHz, 3996 MHz, 184.74 W, 30
2026/10/08 05:32:34.139, 0, 120 MHz, 3996 MHz, 186.41 W, 37
2026/10/08 05:32:34.140, 1, 120 MHz, 3996 MHz, 188.23 W, 39
2026/10/08 05:32:34.140, 2, 2032 MHz, 3996 MHz, 796.83 W, 47
2026/10/08 05:32:34.140, 3, 2032 MHz, 3996 MHz, 811.14 W, 48
2026/10/08 05:32:34.140, 4, 120 MHz, 3996 MHz, 184.59 W, 38
2026/10/08 05:32:34.140, 5, 120 MHz, 3996 MHz, 182.73 W, 36
2026/10/08 05:32:34.140, 6, 120 MHz, 3996 MHz, 185.10 W, 31
2026/10/08 05:32:34.140, 7, 120 MHz, 3996 MHz, 184.74 W, 30
2026/10/08 05:32:35.140, 0, 120 MHz, 3996 MHz, 186.41 W, 37
2026/10/08 05:32:35.140, 1, 120 MHz, 3996 MHz, 188.23 W, 39
2026/10/08 05:32:35.140, 2, 2032 MHz, 3996 MHz, 800.80 W, 47
2026/10/08 05:32:35.140, 3, 1357 MHz, 3996 MHz, 908.64 W, 57
2026/10/08 05:32:35.140, 4, 120 MHz, 3996 MHz, 184.59 W, 38
2026/10/08 05:32:35.140, 5, 120 MHz, 3996 MHz, 182.76 W, 36
2026/10/08 05:32:35.140, 6, 120 MHz, 3996 MHz, 184.98 W, 31
2026/10/08 05:32:35.140, 7, 120 MHz, 3996 MHz, 184.59 W, 30
2026/10/08 05:32:36.140, 0, 120 MHz, 3996 MHz, 186.41 W, 37
2026/10/08 05:32:36.140, 1, 120 MHz, 3996 MHz, 188.23 W, 39
2026/10/08 05:32:36.140, 2, 2032 MHz, 3996 MHz, 803.82 W, 47
2026/10/08 05:32:36.140, 3, 2032 MHz, 3996 MHz, 859.24 W, 48
2026/10/08 05:32:36.140, 4, 120 MHz, 3996 MHz, 184.59 W, 38
2026/10/08 05:32:36.140, 5, 120 MHz, 3996 MHz, 182.74 W, 36
2026/10/08 05:32:36.140, 6, 120 MHz, 3996 MHz, 185.06 W, 31
2026/10/08 05:32:36.140, 7, 120 MHz, 3996 MHz, 184.72 W, 30
2026/10/08 05:32:37.140, 0, 120 MHz, 3996 MHz, 186.41 W, 37
2026/10/08 05:32:37.140, 1, 120 MHz, 3996 MHz, 188.23 W, 39
2026/10/08 05:32:37.140, 2, 1312 MHz, 3996 MHz, 920.53 W, 56
2026/10/08 05:32:37.140, 3, 2032 MHz, 3996 MHz, 810.43 W, 48
2026/10/08 05:32:37.140, 4, 120 MHz, 3996 MHz, 184.59 W, 38
2026/10/08 05:32:37.140, 5, 120 MHz, 3996 MHz, 182.69 W, 36
2026/10/08 05:32:37.140, 6, 120 MHz, 3996 MHz, 184.83 W, 31
2026/10/08 05:32:37.140, 7, 120 MHz, 3996 MHz, 184.60 W, 30
2026/10/08 05:32:38.141, 0, 120 MHz, 3996 MHz, 186.41 W, 37
2026/10/08 05:32:38.141, 1, 120 MHz, 3996 MHz, 188.23 W, 39
2026/10/08 05:32:38.141, 2, 2032 MHz, 3996 MHz, 843.36 W, 48
2026/10/08 05:32:38.141, 3, 2032 MHz, 3996 MHz, 815.82 W, 48
2026/10/08 05:32:38.141, 4, 120 MHz, 3996 MHz, 184.59 W, 38
2026/10/08 05:32:38.141, 5, 120 MHz, 3996 MHz, 182.69 W, 36
2026/10/08 05:32:38.141, 6, 120 MHz, 3996 MHz, 184.87 W, 31
2026/10/08 05:32:38.141, 7, 120 MHz, 3996 MHz, 184.64 W, 29
2026/10/08 05:32:39.141, 0, 120 MHz, 3996 MHz, 186.41 W, 37
2026/10/08 05:32:39.141, 1, 120 MHz, 3996 MHz, 188.23 W, 39
2026/10/08 05:32:39.141, 2, 2032 MHz, 3996 MHz, 800.68 W, 47
2026/10/08 05:32:39.141, 3, 1447 MHz, 3996 MHz, 841.16 W, 54
2026/10/08 05:32:39.141, 4, 120 MHz, 3996 MHz, 184.59 W, 38
2026/10/08 05:32:39.141, 5, 120 MHz, 3996 MHz, 182.70 W, 36
2026/10/08 05:32:39.141, 6, 120 MHz, 3996 MHz, 184.83 W, 31
2026/10/08 05:32:39.141, 7, 120 MHz, 3996 MHz, 184.60 W, 29
2026/10/08 05:32:40.141, 0, 120 MHz, 3996 MHz, 186.41 W, 38
2026/10/08 05:32:40.141, 1, 120 MHz, 3996 MHz, 188.23 W, 39
2026/10/08 05:32:40.141, 2, 2032 MHz, 3996 MHz, 805.39 W, 47
2026/10/08 05:32:40.141, 3, 2032 MHz, 3996 MHz, 926.49 W, 49
2026/10/08 05:32:40.141, 4, 120 MHz, 3996 MHz, 184.59 W, 38
2026/10/08 05:32:40.141, 5, 120 MHz, 3996 MHz, 182.71 W, 36
2026/10/08 05:32:40.141, 6, 120 MHz, 3996 MHz, 184.83 W, 31
2026/10/08 05:32:40.141, 7, 120 MHz, 3996 MHz, 184.60 W, 29
2026/10/08 05:32:41.142, 0, 120 MHz, 3996 MHz, 186.41 W, 38
2026/10/08 05:32:41.142, 1, 120 MHz, 3996 MHz, 188.23 W, 39
2026/10/08 05:32:41.142, 2, 2032 MHz, 3996 MHz, 808.50 W, 48
2026/10/08 05:32:41.142, 3, 2032 MHz, 3996 MHz, 815.17 W, 48
2026/10/08 05:32:41.142, 4, 120 MHz, 3996 MHz, 184.59 W, 38
2026/10/08 05:32:41.142, 5, 120 MHz, 3996 MHz, 182.67 W, 36
2026/10/08 05:32:41.142, 6, 120 MHz, 3996 MHz, 184.83 W, 30
2026/10/08 05:32:41.142, 7, 120 MHz, 3996 MHz, 184.60 W, 29
2026/10/08 05:32:42.142, 0, 120 MHz, 3996 MHz, 186.41 W, 38
2026/10/08 05:32:42.142, 1, 120 MHz, 3996 MHz, 188.23 W, 40
2026/10/08 05:32:42.142, 2, 2032 MHz, 3996 MHz, 950.46 W, 48
2026/10/08 05:32:42.142, 3, 2032 MHz, 3996 MHz, 816.20 W, 48
2026/10/08 05:32:42.142, 4, 120 MHz, 3996 MHz, 184.59 W, 38
2026/10/08 05:32:42.142, 5, 120 MHz, 3996 MHz, 182.71 W, 36
2026/10/08 05:32:42.142, 6, 120 MHz, 3996 MHz, 184.83 W, 30
2026/10/08 05:32:42.142, 7, 120 MHz, 3996 MHz, 184.59 W, 29
2026/10/08 05:32:43.142, 0, 120 MHz, 3996 MHz, 186.41 W, 38
2026/10/08 05:32:43.142, 1, 120 MHz, 3996 MHz, 188.23 W, 40
2026/10/08 05:32:43.142, 2, 2032 MHz, 3996 MHz, 800.69 W, 48
2026/10/08 05:32:43.142, 3, 2032 MHz, 3996 MHz, 815.96 W, 48
2026/10/08 05:32:43.142, 4, 120 MHz, 3996 MHz, 184.78 W, 38
2026/10/08 05:32:43.142, 5, 120 MHz, 3996 MHz, 182.74 W, 36
2026/10/08 05:32:43.142, 6, 120 MHz, 3996 MHz, 184.83 W, 30
2026/10/08 05:32:43.142, 7, 120 MHz, 3996 MHz, 184.59 W, 29
2026/10/08 05:32:44.142, 0, 120 MHz, 3996 MHz, 186.41 W, 38
2026/10/08 05:32:44.142, 1, 120 MHz, 3996 MHz, 188.23 W, 40
2026/10/08 05:32:44.142, 2, 2032 MHz, 3996 MHz, 803.37 W, 48
2026/10/08 05:32:44.142, 3, 2032 MHz, 3996 MHz, 950.78 W, 49
2026/10/08 05:32:44.142, 4, 120 MHz, 3996 MHz, 184.78 W, 38
2026/10/08 05:32:44.142, 5, 120 MHz, 3996 MHz, 182.70 W, 36
2026/10/08 05:32:44.142, 6, 120 MHz, 3996 MHz, 184.83 W, 30
2026/10/08 05:32:44.142, 7, 120 MHz, 3996 MHz, 184.59 W, 29
2026/10/08 05:32:45.143, 0, 120 MHz, 3996 MHz, 186.41 W, 38
2026/10/08 05:32:45.143, 1, 120 MHz, 3996 MHz, 188.23 W, 40
2026/10/08 05:32:45.143, 2, 2032 MHz, 3996 MHz, 807.09 W, 48
2026/10/08 05:32:45.143, 3, 2032 MHz, 3996 MHz, 810.06 W, 49
2026/10/08 05:32:45.143, 4, 120 MHz, 3996 MHz, 184.70 W, 37
2026/10/08 05:32:45.143, 5, 120 MHz, 3996 MHz, 183.61 W, 36
2026/10/08 05:32:45.143, 6, 120 MHz, 3996 MHz, 184.83 W, 30
2026/10/08 05:32:45.143, 7, 120 MHz, 3996 MHz, 184.60 W, 29
2026/10/08 05:32:46.143, 0, 120 MHz, 3996 MHz, 186.41 W, 38
2026/10/08 05:32:46.143, 1, 120 MHz, 3996 MHz, 188.23 W, 40
2026/10/08 05:32:46.143, 2, 2025 MHz, 3996 MHz, 957.91 W, 49
2026/10/08 05:32:46.143, 3, 2032 MHz, 3996 MHz, 812.65 W, 49
2026/10/08 05:32:46.143, 4, 120 MHz, 3996 MHz, 184.71 W, 37
2026/10/08 05:32:46.143, 5, 120 MHz, 3996 MHz, 183.27 W, 36
2026/10/08 05:32:46.143, 6, 120 MHz, 3996 MHz, 184.83 W, 30
2026/10/08 05:32:46.143, 7, 120 MHz, 3996 MHz, 184.62 W, 29
2026/10/08 05:32:47.143, 0, 120 MHz, 3996 MHz, 186.41 W, 38
2026/10/08 05:32:47.143, 1, 120 MHz, 3996 MHz, 188.23 W, 40
2026/10/08 05:32:47.143, 2, 2032 MHz, 3996 MHz, 802.37 W, 48
2026/10/08 05:32:47.143, 3, 2032 MHz, 3996 MHz, 816.03 W, 49
2026/10/08 05:32:47.143, 4, 120 MHz, 3996 MHz, 184.70 W, 37
2026/10/08 05:32:47.143, 5, 120 MHz, 3996 MHz, 183.25 W, 36
2026/10/08 05:32:47.143, 6, 120 MHz, 3996 MHz, 184.83 W, 30
2026/10/08 05:32:47.143, 7, 120 MHz, 3996 MHz, 184.60 W, 29
2026/10/08 05:32:48.143, 0, 120 MHz, 3996 MHz, 186.41 W, 38
2026/10/08 05:32:48.143, 1, 120 MHz, 3996 MHz, 188.23 W, 40
2026/10/08 05:32:48.143, 2, 2032 MHz, 3996 MHz, 803.54 W, 48
2026/10/08 05:32:48.143, 3, 2025 MHz, 3996 MHz, 956.39 W, 51
2026/10/08 05:32:48.144, 4, 120 MHz, 3996 MHz, 184.59 W, 37
2026/10/08 05:32:48.144, 5, 120 MHz, 3996 MHz, 183.18 W, 36
2026/10/08 05:32:48.144, 6, 120 MHz, 3996 MHz, 184.83 W, 30
2026/10/08 05:32:48.144, 7, 120 MHz, 3996 MHz, 184.62 W, 29
2026/10/08 05:32:49.144, 0, 120 MHz, 3996 MHz, 186.41 W, 38
2026/10/08 05:32:49.144, 1, 120 MHz, 3996 MHz, 188.23 W, 40
2026/10/08 05:32:49.144, 2, 2032 MHz, 3996 MHz, 805.99 W, 48
2026/10/08 05:32:49.144, 3, 2032 MHz, 3996 MHz, 810.95 W, 49
2026/10/08 05:32:49.144, 4, 120 MHz, 3996 MHz, 184.59 W, 37
2026/10/08 05:32:49.144, 5, 120 MHz, 3996 MHz, 183.27 W, 36
2026/10/08 05:32:49.144, 6, 120 MHz, 3996 MHz, 184.83 W, 30
2026/10/08 05:32:49.144, 7, 120 MHz, 3996 MHz, 184.60 W, 29
2026/10/08 05:32:50.144, 0, 120 MHz, 3996 MHz, 186.41 W, 38
2026/10/08 05:32:50.144, 1, 120 MHz, 3996 MHz, 188.23 W, 40
2026/10/08 05:32:50.144, 2, 1282 MHz, 3996 MHz, 937.24 W, 57
2026/10/08 05:32:50.144, 3, 2032 MHz, 3996 MHz, 814.86 W, 49
2026/10/08 05:32:50.144, 4, 120 MHz, 3996 MHz, 184.59 W, 37
2026/10/08 05:32:50.144, 5, 120 MHz, 3996 MHz, 183.10 W, 36
2026/10/08 05:32:50.144, 6, 120 MHz, 3996 MHz, 184.83 W, 30
2026/10/08 05:32:50.144, 7, 120 MHz, 3996 MHz, 184.60 W, 29
2026/10/08 05:32:51.144, 0, 120 MHz, 3996 MHz, 186.41 W, 38
2026/10/08 05:32:51.144, 1, 120 MHz, 3996 MHz, 188.23 W, 40
2026/10/08 05:32:51.144, 2, 2032 MHz, 3996 MHz, 828.10 W, 48
2026/10/08 05:32:51.144, 3, 2032 MHz, 3996 MHz, 814.84 W, 49
2026/10/08 05:32:51.144, 4, 120 MHz, 3996 MHz, 184.59 W, 37
2026/10/08 05:32:51.144, 5, 120 MHz, 3996 MHz, 183.07 W, 36
2026/10/08 05:32:51.144, 6, 120 MHz, 3996 MHz, 184.83 W, 30
2026/10/08 05:32:51.144, 7, 120 MHz, 3996 MHz, 184.60 W, 29
2026/10/08 05:32:52.144, 0, 120 MHz, 3996 MHz, 186.41 W, 38
2026/10/08 05:32:52.145, 1, 120 MHz, 3996 MHz, 188.23 W, 40
2026/10/08 05:32:52.145, 2, 2032 MHz, 3996 MHz, 803.48 W, 48
2026/10/08 05:32:52.145, 3, 2032 MHz, 3996 MHz, 592.32 W, 43
2026/10/08 05:32:52.145, 4, 120 MHz, 3996 MHz, 184.59 W, 37
2026/10/08 05:32:52.145, 5, 120 MHz, 3996 MHz, 182.87 W, 35
2026/10/08 05:32:52.145, 6, 120 MHz, 3996 MHz, 184.83 W, 30
2026/10/08 05:32:52.145, 7, 120 MHz, 3996 MHz, 184.60 W, 29
2026/10/08 05:32:53.145, 0, 120 MHz, 3996 MHz, 186.41 W, 38
2026/10/08 05:32:53.145, 1, 120 MHz, 3996 MHz, 188.23 W, 40
2026/10/08 05:32:53.145, 2, 2032 MHz, 3996 MHz, 807.16 W, 48
2026/10/08 05:32:53.145, 3, 2032 MHz, 3996 MHz, 256.79 W, 41
2026/10/08 05:32:53.145, 4, 120 MHz, 3996 MHz, 184.59 W, 37
2026/10/08 05:32:53.145, 5, 120 MHz, 3996 MHz, 182.91 W, 35
2026/10/08 05:32:53.145, 6, 120 MHz, 3996 MHz, 184.83 W, 30
2026/10/08 05:32:53.145, 7, 120 MHz, 3996 MHz, 184.61 W, 29
2026/10/08 05:32:54.145, 0, 120 MHz, 3996 MHz, 186.41 W, 38
2026/10/08 05:32:54.145, 1, 120 MHz, 3996 MHz, 188.23 W, 40
2026/10/08 05:32:54.145, 2, 2032 MHz, 3996 MHz, 770.87 W, 45
2026/10/08 05:32:54.145, 3, 2032 MHz, 3996 MHz, 242.93 W, 40
2026/10/08 05:32:54.145, 4, 120 MHz, 3996 MHz, 184.59 W, 37
2026/10/08 05:32:54.145, 5, 120 MHz, 3996 MHz, 182.91 W, 35
2026/10/08 05:32:54.145, 6, 120 MHz, 3996 MHz, 184.83 W, 30
2026/10/08 05:32:54.145, 7, 120 MHz, 3996 MHz, 184.59 W, 28
2026/10/08 05:32:55.145, 0, 120 MHz, 3996 MHz, 186.41 W, 38
2026/10/08 05:32:55.145, 1, 120 MHz, 3996 MHz, 188.23 W, 40
2026/10/08 05:32:55.145, 2, 2032 MHz, 3996 MHz, 244.80 W, 41
2026/10/08 05:32:55.145, 3, 2032 MHz, 3996 MHz, 242.71 W, 39
2026/10/08 05:32:55.145, 4, 120 MHz, 3996 MHz, 184.59 W, 37
2026/10/08 05:32:55.145, 5, 120 MHz, 3996 MHz, 183.00 W, 35
2026/10/08 05:32:55.145, 6, 120 MHz, 3996 MHz, 184.83 W, 30
2026/10/08 05:32:55.145, 7, 120 MHz, 3996 MHz, 184.61 W, 28
2026/10/08 05:32:56.146, 0, 120 MHz, 3996 MHz, 186.41 W, 38
2026/10/08 05:32:56.146, 1, 120 MHz, 3996 MHz, 188.23 W, 40
2026/10/08 05:32:56.146, 2, 2032 MHz, 3996 MHz, 254.74 W, 40
2026/10/08 05:32:56.146, 3, 2032 MHz, 3996 MHz, 242.48 W, 39
2026/10/08 05:32:56.146, 4, 120 MHz, 3996 MHz, 184.59 W, 37
2026/10/08 05:32:56.146, 5, 120 MHz, 3996 MHz, 182.84 W, 35
2026/10/08 05:32:56.146, 6, 120 MHz, 3996 MHz, 184.83 W, 30
2026/10/08 05:32:56.146, 7, 120 MHz, 3996 MHz, 184.62 W, 28
2026/10/08 05:32:57.146, 0, 120 MHz, 3996 MHz, 186.41 W, 38
2026/10/08 05:32:57.146, 1, 120 MHz, 3996 MHz, 188.23 W, 40
2026/10/08 05:32:57.146, 2, 2032 MHz, 3996 MHz, 242.17 W, 39
2026/10/08 05:32:57.146, 3, 2032 MHz, 3996 MHz, 242.52 W, 39
2026/10/08 05:32:57.146, 4, 120 MHz, 3996 MHz, 184.59 W, 37
2026/10/08 05:32:57.146, 5, 120 MHz, 3996 MHz, 182.95 W, 35
2026/10/08 05:32:57.146, 6, 120 MHz, 3996 MHz, 184.83 W, 30
2026/10/08 05:32:57.146, 7, 120 MHz, 3996 MHz, 184.60 W, 28
2026/10/08 05:32:58.146, 0, 120 MHz, 3996 MHz, 186.41 W, 38
2026/10/08 05:32:58.146, 1, 120 MHz, 3996 MHz, 188.26 W, 40
2026/10/08 05:32:58.146, 2, 2032 MHz, 3996 MHz, 242.01 W, 39
2026/10/08 05:32:58.146, 3, 2032 MHz, 3996 MHz, 242.64 W, 38
2026/10/08 05:32:58.146, 4, 120 MHz, 3996 MHz, 184.59 W, 37
2026/10/08 05:32:58.146, 5, 120 MHz, 3996 MHz, 183.24 W, 35
2026/10/08 05:32:58.146, 6, 120 MHz, 3996 MHz, 184.83 W, 29
2026/10/08 05:32:58.147, 7, 120 MHz, 3996 MHz, 184.62 W, 28
2026/10/08 05:32:59.147, 0, 120 MHz, 3996 MHz, 186.41 W, 39
2026/10/08 05:32:59.147, 1, 120 MHz, 3996 MHz, 188.26 W, 40
2026/10/08 05:32:59.147, 2, 2032 MHz, 3996 MHz, 241.05 W, 38
2026/10/08 05:32:59.147, 3, 2032 MHz, 3996 MHz, 241.60 W, 38
2026/10/08 05:32:59.147, 4, 120 MHz, 3996 MHz, 184.59 W, 37
2026/10/08 05:32:59.147, 5, 120 MHz, 3996 MHz, 182.80 W, 35
2026/10/08 05:32:59.147, 6, 120 MHz, 3996 MHz, 184.83 W, 29
2026/10/08 05:32:59.147, 7, 120 MHz, 3996 MHz, 184.65 W, 28
2026/10/08 05:33:00.147, 0, 120 MHz, 3996 MHz, 186.41 W, 39
2026/10/08 05:33:00.147, 1, 120 MHz, 3996 MHz, 188.26 W, 40
2026/10/08 05:33:00.147, 2, 2032 MHz, 3996 MHz, 240.68 W, 38
2026/10/08 05:33:00.147, 3, 315 MHz, 3996 MHz, 200.45 W, 37
2026/10/08 05:33:00.147, 4, 120 MHz, 3996 MHz, 184.59 W, 37
2026/10/08 05:33:00.147, 5, 120 MHz, 3996 MHz, 182.84 W, 35
2026/10/08 05:33:00.147, 6, 120 MHz, 3996 MHz, 184.83 W, 29
2026/10/08 05:33:00.147, 7, 120 MHz, 3996 MHz, 184.65 W, 28
2026/10/08 05:33:01.148, 0, 120 MHz, 3996 MHz, 186.41 W, 39
2026/10/08 05:33:01.148, 1, 120 MHz, 3996 MHz, 188.30 W, 40
2026/10/08 05:33:01.148, 2, 2032 MHz, 3996 MHz, 240.88 W, 38
2026/10/08 05:33:01.148, 3, 195 MHz, 3996 MHz, 187.27 W, 36
2026/10/08 05:33:01.148, 4, 120 MHz, 3996 MHz, 184.59 W, 37
2026/10/08 05:33:01.148, 5, 120 MHz, 3996 MHz, 182.88 W, 35
2026/10/08 05:33:01.148, 6, 120 MHz, 3996 MHz, 184.83 W, 29
2026/10/08 05:33:01.148, 7, 120 MHz, 3996 MHz, 184.61 W, 28
2026/10/08 05:33:02.148, 0, 120 MHz, 3996 MHz, 186.41 W, 39
2026/10/08 05:33:02.148, 1, 120 MHz, 3996 MHz, 188.27 W, 40
2026/10/08 05:33:02.148, 2, 367 MHz, 3996 MHz, 218.57 W, 37
2026/10/08 05:33:02.148, 3, 127 MHz, 3996 MHz, 186.09 W, 36
2026/10/08 05:33:02.148, 4, 120 MHz, 3996 MHz, 184.59 W, 37
2026/10/08 05:33:02.148, 5, 120 MHz, 3996 MHz, 182.80 W, 35
2026/10/08 05:33:02.148, 6, 120 MHz, 3996 MHz, 184.83 W, 29
2026/10/08 05:33:02.148, 7, 120 MHz, 3996 MHz, 184.62 W, 28
2026/10/08 05:33:03.148, 0, 120 MHz, 3996 MHz, 186.41 W, 39
2026/10/08 05:33:03.148, 1, 120 MHz, 3996 MHz, 188.42 W, 40
2026/10/08 05:33:03.148, 2, 232 MHz, 3996 MHz, 188.08 W, 36
2026/10/08 05:33:03.148, 3, 120 MHz, 3996 MHz, 186.05 W, 36
2026/10/08 05:33:03.148, 4, 120 MHz, 3996 MHz, 184.59 W, 37
2026/10/08 05:33:03.148, 5, 120 MHz, 3996 MHz, 182.69 W, 35
2026/10/08 05:33:03.148, 6, 120 MHz, 3996 MHz, 184.83 W, 29
2026/10/08 05:33:03.148, 7, 120 MHz, 3996 MHz, 184.62 W, 28
2026/10/08 05:33:04.149, 0, 120 MHz, 3996 MHz, 186.41 W, 39
2026/10/08 05:33:04.149, 1, 120 MHz, 3996 MHz, 188.27 W, 40
2026/10/08 05:33:04.149, 2, 1057 MHz, 3996 MHz, 193.57 W, 36
2026/10/08 05:33:04.149, 3, 120 MHz, 3996 MHz, 186.09 W, 36
2026/10/08 05:33:04.149, 4, 120 MHz, 3996 MHz, 184.59 W, 37
2026/10/08 05:33:04.149, 5, 120 MHz, 3996 MHz, 182.76 W, 35
2026/10/08 05:33:04.149, 6, 120 MHz, 3996 MHz, 184.83 W, 29
2026/10/08 05:33:04.149, 7, 120 MHz, 3996 MHz, 184.62 W, 28
2026/10/08 05:33:05.149, 0, 120 MHz, 3996 MHz, 186.41 W, 39
2026/10/08 05:33:05.149, 1, 120 MHz, 3996 MHz, 188.34 W, 40
2026/10/08 05:33:05.149, 2, 1057 MHz, 3996 MHz, 198.03 W, 36
2026/10/08 05:33:05.149, 3, 120 MHz, 3996 MHz, 186.05 W, 35
2026/10/08 05:33:05.149, 4, 120 MHz, 3996 MHz, 184.59 W, 37
2026/10/08 05:33:05.149, 5, 120 MHz, 3996 MHz, 182.65 W, 35
2026/10/08 05:33:05.149, 6, 120 MHz, 3996 MHz, 184.83 W, 29
2026/10/08 05:33:05.149, 7, 120 MHz, 3996 MHz, 184.61 W, 28
2026/10/08 05:33:06.149, 0, 120 MHz, 3996 MHz, 186.41 W, 38
2026/10/08 05:33:06.149, 1, 120 MHz, 3996 MHz, 188.23 W, 40
2026/10/08 05:33:06.149, 2, 165 MHz, 3996 MHz, 190.79 W, 35
2026/10/08 05:33:06.149, 3, 120 MHz, 3996 MHz, 186.05 W, 35
2026/10/08 05:33:06.149, 4, 120 MHz, 3996 MHz, 184.59 W, 37
2026/10/08 05:33:06.149, 5, 120 MHz, 3996 MHz, 182.73 W, 35
2026/10/08 05:33:06.149, 6, 120 MHz, 3996 MHz, 184.83 W, 29
2026/10/08 05:33:06.149, 7, 120 MHz, 3996 MHz, 184.59 W, 28
2026/10/08 05:33:07.149, 0, 120 MHz, 3996 MHz, 186.41 W, 38
2026/10/08 05:33:07.149, 1, 120 MHz, 3996 MHz, 188.23 W, 40
2026/10/08 05:33:07.150, 2, 120 MHz, 3996 MHz, 188.01 W, 35
2026/10/08 05:33:07.150, 3, 120 MHz, 3996 MHz, 186.05 W, 35
2026/10/08 05:33:07.150, 4, 120 MHz, 3996 MHz, 184.59 W, 37
2026/10/08 05:33:07.150, 5, 120 MHz, 3996 MHz, 182.65 W, 35
2026/10/08 05:33:07.150, 6, 120 MHz, 3996 MHz, 184.83 W, 29
2026/10/08 05:33:07.150, 7, 120 MHz, 3996 MHz, 184.62 W, 28
2026/10/08 05:33:08.150, 0, 120 MHz, 3996 MHz, 186.41 W, 38
2026/10/08 05:33:08.150, 1, 120 MHz, 3996 MHz, 188.23 W, 40
2026/10/08 05:33:08.150, 2, 120 MHz, 3996 MHz, 187.85 W, 35
2026/10/08 05:33:08.150, 3, 120 MHz, 3996 MHz, 186.05 W, 35
2026/10/08 05:33:08.150, 4, 120 MHz, 3996 MHz, 184.59 W, 36
2026/10/08 05:33:08.150, 5, 120 MHz, 3996 MHz, 182.69 W, 35
2026/10/08 05:33:08.150, 6, 120 MHz, 3996 MHz, 184.83 W, 29
2026/10/08 05:33:08.150, 7, 120 MHz, 3996 MHz, 184.61 W, 28
2026/10/08 05:33:09.150, 0, 120 MHz, 3996 MHz, 186.41 W, 38
2026/10/08 05:33:09.150, 1, 120 MHz, 3996 MHz, 188.46 W, 40
2026/10/08 05:33:09.150, 2, 120 MHz, 3996 MHz, 187.08 W, 35
2026/10/08 05:33:09.150, 3, 120 MHz, 3996 MHz, 185.86 W, 34
2026/10/08 05:33:09.150, 4, 120 MHz, 3996 MHz, 184.59 W, 36
2026/10/08 05:33:09.150, 5, 120 MHz, 3996 MHz, 182.69 W, 35
2026/10/08 05:33:09.150, 6, 120 MHz, 3996 MHz, 184.83 W, 29
2026/10/08 05:33:09.150, 7, 120 MHz, 3996 MHz, 184.60 W, 28
2026/10/08 05:33:10.150, 0, 120 MHz, 3996 MHz, 186.41 W, 38
2026/10/08 05:33:10.150, 1, 120 MHz, 3996 MHz, 188.30 W, 40
2026/10/08 05:33:10.150, 2, 120 MHz, 3996 MHz, 186.05 W, 34
2026/10/08 05:33:10.150, 3, 120 MHz, 3996 MHz, 185.40 W, 34
2026/10/08 05:33:10.150, 4, 120 MHz, 3996 MHz, 184.59 W, 36
2026/10/08 05:33:10.150, 5, 120 MHz, 3996 MHz, 182.80 W, 35
2026/10/08 05:33:10.150, 6, 120 MHz, 3996 MHz, 184.83 W, 29
2026/10/08 05:33:10.150, 7, 120 MHz, 3996 MHz, 184.65 W, 28
2026/10/08 05:33:11.151, 0, 120 MHz, 3996 MHz, 186.41 W, 38
2026/10/08 05:33:11.151, 1, 120 MHz, 3996 MHz, 188.23 W, 40
2026/10/08 05:33:11.151, 2, 120 MHz, 3996 MHz, 186.05 W, 34
2026/10/08 05:33:11.151, 3, 120 MHz, 3996 MHz, 185.41 W, 34
2026/10/08 05:33:11.151, 4, 120 MHz, 3996 MHz, 184.59 W, 36
2026/10/08 05:33:11.151, 5, 120 MHz, 3996 MHz, 182.68 W, 35
2026/10/08 05:33:11.151, 6, 120 MHz, 3996 MHz, 184.83 W, 29
2026/10/08 05:33:11.151, 7, 120 MHz, 3996 MHz, 184.62 W, 28
2026/10/08 05:33:12.151, 0, 120 MHz, 3996 MHz, 186.41 W, 38
2026/10/08 05:33:12.151, 1, 120 MHz, 3996 MHz, 188.23 W, 40
2026/10/08 05:33:12.151, 2, 120 MHz, 3996 MHz, 186.05 W, 34
2026/10/08 05:33:12.151, 3, 120 MHz, 3996 MHz, 185.21 W, 34
2026/10/08 05:33:12.151, 4, 120 MHz, 3996 MHz, 184.59 W, 36
2026/10/08 05:33:12.151, 5, 120 MHz, 3996 MHz, 182.65 W, 35
2026/10/08 05:33:12.151, 6, 120 MHz, 3996 MHz, 184.83 W, 29
2026/10/08 05:33:12.151, 7, 120 MHz, 3996 MHz, 184.60 W, 28
2026/10/08 05:33:13.151, 0, 120 MHz, 3996 MHz, 186.41 W, 38
2026/10/08 05:33:13.151, 1, 120 MHz, 3996 MHz, 188.30 W, 40
2026/10/08 05:33:13.151, 2, 120 MHz, 3996 MHz, 186.05 W, 34
2026/10/08 05:33:13.151, 3, 120 MHz, 3996 MHz, 184.80 W, 34
2026/10/08 05:33:13.151, 4, 120 MHz, 3996 MHz, 183.97 W, 36
2026/10/08 05:33:13.151, 5, 120 MHz, 3996 MHz, 182.69 W, 35
2026/10/08 05:33:13.151, 6, 120 MHz, 3996 MHz, 184.83 W, 29
2026/10/08 05:33:13.151, 7, 120 MHz, 3996 MHz, 184.60 W, 28
2026/10/08 05:33:14.152, 0, 120 MHz, 3996 MHz, 186.41 W, 38
2026/10/08 05:33:14.152, 1, 120 MHz, 3996 MHz, 188.23 W, 40
2026/10/08 05:33:14.152, 2, 120 MHz, 3996 MHz, 186.05 W, 34
2026/10/08 05:33:14.152, 3, 120 MHz, 3996 MHz, 184.83 W, 33
2026/10/08 05:33:14.152, 4, 120 MHz, 3996 MHz, 183.45 W, 36
2026/10/08 05:33:14.152, 5, 120 MHz, 3996 MHz, 182.65 W, 35
2026/10/08 05:33:14.152, 6, 120 MHz, 3996 MHz, 184.83 W, 29
2026/10/08 05:33:14.152, 7, 120 MHz, 3996 MHz, 184.60 W, 28
2026/10/08 05:33:15.152, 0, 120 MHz, 3996 MHz, 186.41 W, 38
2026/10/08 05:33:15.152, 1, 120 MHz, 3996 MHz, 188.30 W, 40
2026/10/08 05:33:15.152, 2, 120 MHz, 3996 MHz, 186.05 W, 33
2026/10/08 05:33:15.152, 3, 120 MHz, 3996 MHz, 184.71 W, 33
2026/10/08 05:33:15.152, 4, 120 MHz, 3996 MHz, 183.33 W, 36
2026/10/08 05:33:15.152, 5, 120 MHz, 3996 MHz, 182.65 W, 34
2026/10/08 05:33:15.152, 6, 120 MHz, 3996 MHz, 184.83 W, 29
2026/10/08 05:33:15.152, 7, 120 MHz, 3996 MHz, 184.60 W, 28
2026/10/08 05:33:16.152, 0, 120 MHz, 3996 MHz, 186.41 W, 38
2026/10/08 05:33:16.152, 1, 120 MHz, 3996 MHz, 188.30 W, 40
2026/10/08 05:33:16.152, 2, 120 MHz, 3996 MHz, 186.05 W, 33
2026/10/08 05:33:16.152, 3, 120 MHz, 3996 MHz, 184.52 W, 33
2026/10/08 05:33:16.152, 4, 120 MHz, 3996 MHz, 183.31 W, 36
2026/10/08 05:33:16.152, 5, 120 MHz, 3996 MHz, 182.65 W, 34
2026/10/08 05:33:16.152, 6, 120 MHz, 3996 MHz, 184.83 W, 29
2026/10/08 05:33:16.152, 7, 120 MHz, 3996 MHz, 184.60 W, 28
2026/10/08 05:33:17.153, 0, 120 MHz, 3996 MHz, 186.41 W, 38
2026/10/08 05:33:17.153, 1, 120 MHz, 3996 MHz, 188.26 W, 40
2026/10/08 05:33:17.153, 2, 120 MHz, 3996 MHz, 186.05 W, 33
2026/10/08 05:33:17.153, 3, 120 MHz, 3996 MHz, 184.09 W, 33
2026/10/08 05:33:17.153, 4, 120 MHz, 3996 MHz, 183.19 W, 36
2026/10/08 05:33:17.153, 5, 120 MHz, 3996 MHz, 182.65 W, 34
2026/10/08 05:33:17.153, 6, 120 MHz, 3996 MHz, 184.83 W, 29
2026/10/08 05:33:17.153, 7, 120 MHz, 3996 MHz, 184.59 W, 27
2026/10/08 05:33:18.153, 0, 120 MHz, 3996 MHz, 186.41 W, 38
2026/10/08 05:33:18.153, 1, 120 MHz, 3996 MHz, 188.23 W, 40
2026/10/08 05:33:18.153, 2, 120 MHz, 3996 MHz, 186.05 W, 33
2026/10/08 05:33:18.153, 3, 120 MHz, 3996 MHz, 184.09 W, 33
2026/10/08 05:33:18.153, 4, 120 MHz, 3996 MHz, 182.87 W, 36
2026/10/08 05:33:18.153, 5, 120 MHz, 3996 MHz, 182.69 W, 34
2026/10/08 05:33:18.153, 6, 120 MHz, 3996 MHz, 184.83 W, 29
2026/10/08 05:33:18.153, 7, 120 MHz, 3996 MHz, 184.60 W, 27
2026/10/08 05:33:19.153, 0, 120 MHz, 3996 MHz, 186.41 W, 38
2026/10/08 05:33:19.153, 1, 120 MHz, 3996 MHz, 188.23 W, 40
2026/10/08 05:33:19.153, 2, 120 MHz, 3996 MHz, 186.05 W, 33
2026/10/08 05:33:19.153, 3, 120 MHz, 3996 MHz, 184.10 W, 33
2026/10/08 05:33:19.153, 4, 120 MHz, 3996 MHz, 182.76 W, 36
2026/10/08 05:33:19.153, 5, 120 MHz, 3996 MHz, 182.65 W, 34
2026/10/08 05:33:19.153, 6, 120 MHz, 3996 MHz, 184.83 W, 29
2026/10/08 05:33:19.153, 7, 120 MHz, 3996 MHz, 184.59 W, 27
2026/10/08 05:33:20.154, 0, 120 MHz, 3996 MHz, 186.41 W, 38
2026/10/08 05:33:20.154, 1, 120 MHz, 3996 MHz, 188.23 W, 40
2026/10/08 05:33:20.154, 2, 120 MHz, 3996 MHz, 186.05 W, 33
2026/10/08 05:33:20.154, 3, 120 MHz, 3996 MHz, 184.10 W, 33
2026/10/08 05:33:20.154, 4, 120 MHz, 3996 MHz, 182.87 W, 36
2026/10/08 05:33:20.154, 5, 120 MHz, 3996 MHz, 182.65 W, 34
2026/10/08 05:33:20.154, 6, 120 MHz, 3996 MHz, 184.83 W, 29
2026/10/08 05:33:20.154, 7, 120 MHz, 3996 MHz, 184.60 W, 27
2026/10/08 05:33:21.154, 0, 120 MHz, 3996 MHz, 186.41 W, 38
2026/10/08 05:33:21.154, 1, 120 MHz, 3996 MHz, 188.23 W, 40
2026/10/08 05:33:21.154, 2, 120 MHz, 3996 MHz, 186.05 W, 33
2026/10/08 05:33:21.154, 3, 120 MHz, 3996 MHz, 184.09 W, 32
2026/10/08 05:33:21.154, 4, 120 MHz, 3996 MHz, 182.87 W, 36
2026/10/08 05:33:21.154, 5, 120 MHz, 3996 MHz, 182.65 W, 34
2026/10/08 05:33:21.154, 6, 120 MHz, 3996 MHz, 184.83 W, 29
2026/10/08 05:33:21.154, 7, 120 MHz, 3996 MHz, 184.60 W, 27
2026/10/08 05:33:22.154, 0, 120 MHz, 3996 MHz, 186.41 W, 38
2026/10/08 05:33:22.154, 1, 120 MHz, 3996 MHz, 188.23 W, 40
2026/10/08 05:33:22.154, 2, 120 MHz, 3996 MHz, 186.05 W, 32
2026/10/08 05:33:22.154, 3, 120 MHz, 3996 MHz, 184.09 W, 32
2026/10/08 05:33:22.154, 4, 120 MHz, 3996 MHz, 182.68 W, 36
2026/10/08 05:33:22.154, 5, 120 MHz, 3996 MHz, 182.65 W, 34
2026/10/08 05:33:22.154, 6, 120 MHz, 3996 MHz, 184.83 W, 28
2026/10/08 05:33:22.154, 7, 120 MHz, 3996 MHz, 184.62 W, 27
2026/10/08 05:33:23.155, 0, 120 MHz, 3996 MHz, 186.41 W, 38
2026/10/08 05:33:23.155, 1, 120 MHz, 3996 MHz, 188.23 W, 40
2026/10/08 05:33:23.155, 2, 120 MHz, 3996 MHz, 185.96 W, 32
2026/10/08 05:33:23.155, 3, 2032 MHz, 3996 MHz, 223.68 W, 33
2026/10/08 05:33:23.155, 4, 120 MHz, 3996 MHz, 182.84 W, 36
2026/10/08 05:33:23.155, 5, 120 MHz, 3996 MHz, 182.65 W, 34
2026/10/08 05:33:23.155, 6, 120 MHz, 3996 MHz, 184.83 W, 28
2026/10/08 05:33:23.155, 7, 120 MHz, 3996 MHz, 184.61 W, 27
2026/10/08 05:33:24.155, 0, 120 MHz, 3996 MHz, 186.41 W, 38
2026/10/08 05:33:24.155, 1, 120 MHz, 3996 MHz, 188.23 W, 40
2026/10/08 05:33:24.155, 2, 120 MHz, 3996 MHz, 185.93 W, 32
2026/10/08 05:33:24.155, 3, 2032 MHz, 3996 MHz, 236.93 W, 33
2026/10/08 05:33:24.155, 4, 120 MHz, 3996 MHz, 182.68 W, 36
2026/10/08 05:33:24.155, 5, 120 MHz, 3996 MHz, 182.65 W, 34
2026/10/08 05:33:24.155, 6, 120 MHz, 3996 MHz, 184.83 W, 28
2026/10/08 05:33:24.155, 7, 120 MHz, 3996 MHz, 184.59 W, 27
2026/10/08 05:33:25.155, 0, 120 MHz, 3996 MHz, 186.41 W, 37
2026/10/08 05:33:25.155, 1, 120 MHz, 3996 MHz, 188.23 W, 40
2026/10/08 05:33:25.155, 2, 120 MHz, 3996 MHz, 185.93 W, 32
2026/10/08 05:33:25.155, 3, 2032 MHz, 3996 MHz, 236.81 W, 33
2026/10/08 05:33:25.155, 4, 120 MHz, 3996 MHz, 182.68 W, 36
2026/10/08 05:33:25.155, 5, 120 MHz, 3996 MHz, 182.60 W, 34
2026/10/08 05:33:25.155, 6, 120 MHz, 3996 MHz, 184.83 W, 28
2026/10/08 05:33:25.155, 7, 120 MHz, 3996 MHz, 184.60 W, 27
2026/10/08 05:33:26.155, 0, 120 MHz, 3996 MHz, 186.41 W, 37
2026/10/08 05:33:26.155, 1, 120 MHz, 3996 MHz, 188.23 W, 40
2026/10/08 05:33:26.155, 2, 2032 MHz, 3996 MHz, 191.18 W, 32
2026/10/08 05:33:26.155, 3, 2032 MHz, 3996 MHz, 238.28 W, 33
2026/10/08 05:33:26.155, 4, 120 MHz, 3996 MHz, 182.68 W, 36
2026/10/08 05:33:26.155, 5, 120 MHz, 3996 MHz, 182.61 W, 34
2026/10/08 05:33:26.155, 6, 120 MHz, 3996 MHz, 184.83 W, 28
2026/10/08 05:33:26.155, 7, 120 MHz, 3996 MHz, 184.60 W, 27
2026/10/08 05:33:27.156, 0, 120 MHz, 3996 MHz, 186.41 W, 37
2026/10/08 05:33:27.156, 1, 120 MHz, 3996 MHz, 188.23 W, 39
2026/10/08 05:33:27.156, 2, 2032 MHz, 3996 MHz, 236.81 W, 33
2026/10/08 05:33:27.156, 3, 2032 MHz, 3996 MHz, 238.53 W, 33
2026/10/08 05:33:27.156, 4, 120 MHz, 3996 MHz, 182.68 W, 36
2026/10/08 05:33:27.156, 5, 120 MHz, 3996 MHz, 182.64 W, 34
2026/10/08 05:33:27.156, 6, 120 MHz, 3996 MHz, 184.83 W, 28
2026/10/08 05:33:27.156, 7, 120 MHz, 3996 MHz, 184.62 W, 27
2026/10/08 05:33:28.156, 0, 120 MHz, 3996 MHz, 186.41 W, 37
2026/10/08 05:33:28.156, 1, 120 MHz, 3996 MHz, 188.23 W, 39
2026/10/08 05:33:28.156, 2, 2032 MHz, 3996 MHz, 236.70 W, 33
2026/10/08 05:33:28.156, 3, 2032 MHz, 3996 MHz, 237.65 W, 33
2026/10/08 05:33:28.156, 4, 120 MHz, 3996 MHz, 182.65 W, 36
2026/10/08 05:33:28.156, 5, 120 MHz, 3996 MHz, 182.57 W, 34
2026/10/08 05:33:28.156, 6, 120 MHz, 3996 MHz, 184.83 W, 28
2026/10/08 05:33:28.156, 7, 120 MHz, 3996 MHz, 184.62 W, 27
2026/10/08 05:33:29.156, 0, 120 MHz, 3996 MHz, 186.41 W, 37
2026/10/08 05:33:29.156, 1, 120 MHz, 3996 MHz, 188.23 W, 39
2026/10/08 05:33:29.156, 2, 2032 MHz, 3996 MHz, 236.91 W, 33
2026/10/08 05:33:29.156, 3, 2032 MHz, 3996 MHz, 255.63 W, 33
2026/10/08 05:33:29.156, 4, 120 MHz, 3996 MHz, 182.68 W, 36
2026/10/08 05:33:29.156, 5, 120 MHz, 3996 MHz, 182.65 W, 34
2026/10/08 05:33:29.156, 6, 120 MHz, 3996 MHz, 184.83 W, 28
2026/10/08 05:33:29.156, 7, 120 MHz, 3996 MHz, 184.63 W, 27
2026/10/08 05:33:30.156, 0, 120 MHz, 3996 MHz, 186.41 W, 37
2026/10/08 05:33:30.156, 1, 120 MHz, 3996 MHz, 188.23 W, 39
2026/10/08 05:33:30.156, 2, 2032 MHz, 3996 MHz, 238.49 W, 32
2026/10/08 05:33:30.156, 3, 2032 MHz, 3996 MHz, 272.40 W, 33
2026/10/08 05:33:30.156, 4, 120 MHz, 3996 MHz, 182.72 W, 36
2026/10/08 05:33:30.156, 5, 120 MHz, 3996 MHz, 182.65 W, 34
2026/10/08 05:33:30.156, 6, 120 MHz, 3996 MHz, 184.83 W, 28
2026/10/08 05:33:30.156, 7, 120 MHz, 3996 MHz, 184.64 W, 27
2026/10/08 05:33:31.157, 0, 120 MHz, 3996 MHz, 186.41 W, 37
2026/10/08 05:33:31.157, 1, 120 MHz, 3996 MHz, 188.23 W, 39
2026/10/08 05:33:31.157, 2, 2032 MHz, 3996 MHz, 238.22 W, 32
2026/10/08 05:33:31.157, 3, 2032 MHz, 3996 MHz, 237.62 W, 33
2026/10/08 05:33:31.157, 4, 120 MHz, 3996 MHz, 182.65 W, 36
2026/10/08 05:33:31.157, 5, 120 MHz, 3996 MHz, 182.66 W, 34
2026/10/08 05:33:31.157, 6, 120 MHz, 3996 MHz, 184.83 W, 28
2026/10/08 05:33:31.157, 7, 120 MHz, 3996 MHz, 184.64 W, 27
2026/10/08 05:33:32.157, 0, 120 MHz, 3996 MHz, 186.41 W, 37
2026/10/08 05:33:32.157, 1, 120 MHz, 3996 MHz, 188.23 W, 39
2026/10/08 05:33:32.157, 2, 2032 MHz, 3996 MHz, 255.31 W, 33
2026/10/08 05:33:32.157, 3, 2032 MHz, 3996 MHz, 255.42 W, 33
2026/10/08 05:33:32.157, 4, 120 MHz, 3996 MHz, 182.72 W, 36
2026/10/08 05:33:32.157, 5, 120 MHz, 3996 MHz, 182.62 W, 34
2026/10/08 05:33:32.157, 6, 120 MHz, 3996 MHz, 184.83 W, 28
2026/10/08 05:33:32.157, 7, 120 MHz, 3996 MHz, 184.63 W, 27
2026/10/08 05:33:33.157, 0, 120 MHz, 3996 MHz, 186.41 W, 37
2026/10/08 05:33:33.157, 1, 120 MHz, 3996 MHz, 188.23 W, 39
2026/10/08 05:33:33.157, 2, 2032 MHz, 3996 MHz, 237.00 W, 32
2026/10/08 05:33:33.157, 3, 2032 MHz, 3996 MHz, 239.07 W, 33
2026/10/08 05:33:33.157, 4, 120 MHz, 3996 MHz, 183.27 W, 35
2026/10/08 05:33:33.157, 5, 120 MHz, 3996 MHz, 182.65 W, 34
2026/10/08 05:33:33.157, 6, 120 MHz, 3996 MHz, 184.83 W, 28
2026/10/08 05:33:33.157, 7, 120 MHz, 3996 MHz, 184.65 W, 27
2026/10/08 05:33:34.157, 0, 120 MHz, 3996 MHz, 186.41 W, 37
2026/10/08 05:33:34.158, 1, 120 MHz, 3996 MHz, 188.23 W, 39
2026/10/08 05:33:34.158, 2, 2032 MHz, 3996 MHz, 275.64 W, 32
2026/10/08 05:33:34.158, 3, 2032 MHz, 3996 MHz, 242.16 W, 32
2026/10/08 05:33:34.158, 4, 120 MHz, 3996 MHz, 184.01 W, 35
2026/10/08 05:33:34.158, 5, 120 MHz, 3996 MHz, 182.62 W, 34
2026/10/08 05:33:34.158, 6, 120 MHz, 3996 MHz, 184.83 W, 28
2026/10/08 05:33:34.158, 7, 120 MHz, 3996 MHz, 184.66 W, 27
2026/10/08 05:33:35.158, 0, 120 MHz, 3996 MHz, 186.41 W, 37
2026/10/08 05:33:35.158, 1, 120 MHz, 3996 MHz, 188.23 W, 39
2026/10/08 05:33:35.158, 2, 2032 MHz, 3996 MHz, 236.96 W, 32
2026/10/08 05:33:35.158, 3, 2032 MHz, 3996 MHz, 236.99 W, 32
2026/10/08 05:33:35.158, 4, 120 MHz, 3996 MHz, 183.85 W, 35
2026/10/08 05:33:35.158, 5, 120 MHz, 3996 MHz, 182.61 W, 34
2026/10/08 05:33:35.158, 6, 120 MHz, 3996 MHz, 184.83 W, 28
2026/10/08 05:33:35.158, 7, 120 MHz, 3996 MHz, 184.68 W, 27
2026/10/08 05:33:36.158, 0, 120 MHz, 3996 MHz, 186.41 W, 37
2026/10/08 05:33:36.158, 1, 120 MHz, 3996 MHz, 188.23 W, 39
2026/10/08 05:33:36.158, 2, 2032 MHz, 3996 MHz, 254.99 W, 32
2026/10/08 05:33:36.158, 3, 2032 MHz, 3996 MHz, 237.12 W, 32
2026/10/08 05:33:36.158, 4, 120 MHz, 3996 MHz, 183.90 W, 35
2026/10/08 05:33:36.158, 5, 120 MHz, 3996 MHz, 182.58 W, 34
2026/10/08 05:33:36.158, 6, 120 MHz, 3996 MHz, 184.83 W, 28
2026/10/08 05:33:36.158, 7, 120 MHz, 3996 MHz, 184.67 W, 27
2026/10/08 05:33:37.158, 0, 120 MHz, 3996 MHz, 186.41 W, 37
2026/10/08 05:33:37.158, 1, 120 MHz, 3996 MHz, 188.23 W, 39
2026/10/08 05:33:37.158, 2, 2032 MHz, 3996 MHz, 238.40 W, 32
2026/10/08 05:33:37.158, 3, 2032 MHz, 3996 MHz, 236.85 W, 32
2026/10/08 05:33:37.158, 4, 120 MHz, 3996 MHz, 184.55 W, 35
2026/10/08 05:33:37.159, 5, 120 MHz, 3996 MHz, 182.61 W, 34
2026/10/08 05:33:37.159, 6, 120 MHz, 3996 MHz, 184.83 W, 28
2026/10/08 05:33:37.159, 7, 120 MHz, 3996 MHz, 184.65 W, 27
2026/10/08 05:33:38.159, 0, 120 MHz, 3996 MHz, 186.41 W, 37
2026/10/08 05:33:38.159, 1, 120 MHz, 3996 MHz, 188.23 W, 39
2026/10/08 05:33:38.159, 2, 2032 MHz, 3996 MHz, 241.75 W, 32
2026/10/08 05:33:38.159, 3, 2032 MHz, 3996 MHz, 237.11 W, 32
2026/10/08 05:33:38.159, 4, 120 MHz, 3996 MHz, 184.59 W, 35
2026/10/08 05:33:38.159, 5, 120 MHz, 3996 MHz, 182.57 W, 34
2026/10/08 05:33:38.159, 6, 120 MHz, 3996 MHz, 184.83 W, 28
2026/10/08 05:33:38.159, 7, 120 MHz, 3996 MHz, 184.64 W, 27
2026/10/08 05:33:39.159, 0, 120 MHz, 3996 MHz, 186.41 W, 36
2026/10/08 05:33:39.159, 1, 120 MHz, 3996 MHz, 188.23 W, 39
2026/10/08 05:33:39.159, 2, 2032 MHz, 3996 MHz, 236.67 W, 32
2026/10/08 05:33:39.159, 3, 2032 MHz, 3996 MHz, 245.50 W, 32
2026/10/08 05:33:39.159, 4, 120 MHz, 3996 MHz, 184.59 W, 35
2026/10/08 05:33:39.159, 5, 120 MHz, 3996 MHz, 182.67 W, 34
2026/10/08 05:33:39.159, 6, 120 MHz, 3996 MHz, 184.83 W, 28
2026/10/08 05:33:39.159, 7, 120 MHz, 3996 MHz, 184.63 W, 27
2026/10/08 05:33:40.159, 0, 120 MHz, 3996 MHz, 186.41 W, 36
2026/10/08 05:33:40.159, 1, 120 MHz, 3996 MHz, 188.23 W, 39
2026/10/08 05:33:40.159, 2, 2032 MHz, 3996 MHz, 236.66 W, 32
2026/10/08 05:33:40.159, 3, 2032 MHz, 3996 MHz, 236.66 W, 32
2026/10/08 05:33:40.159, 4, 120 MHz, 3996 MHz, 184.25 W, 35
2026/10/08 05:33:40.159, 5, 120 MHz, 3996 MHz, 182.65 W, 34
2026/10/08 05:33:40.159, 6, 120 MHz, 3996 MHz, 184.83 W, 28
2026/10/08 05:33:40.159, 7, 120 MHz, 3996 MHz, 184.64 W, 27
2026/10/08 05:33:41.160, 0, 120 MHz, 3996 MHz, 186.37 W, 36
2026/10/08 05:33:41.160, 1, 120 MHz, 3996 MHz, 188.23 W, 39
2026/10/08 05:33:41.160, 2, 2032 MHz, 3996 MHz, 236.66 W, 32
2026/10/08 05:33:41.160, 3, 2032 MHz, 3996 MHz, 240.90 W, 32
2026/10/08 05:33:41.160, 4, 120 MHz, 3996 MHz, 184.01 W, 35
2026/10/08 05:33:41.160, 5, 120 MHz, 3996 MHz, 182.61 W, 33
2026/10/08 05:33:41.160, 6, 120 MHz, 3996 MHz, 184.83 W, 28
2026/10/08 05:33:41.160, 7, 120 MHz, 3996 MHz, 184.65 W, 27
2026/10/08 05:33:42.160, 0, 120 MHz, 3996 MHz, 186.41 W, 36
2026/10/08 05:33:42.160, 1, 120 MHz, 3996 MHz, 188.23 W, 38
2026/10/08 05:33:42.160, 2, 2032 MHz, 3996 MHz, 236.94 W, 32
2026/10/08 05:33:42.160, 3, 2032 MHz, 3996 MHz, 239.45 W, 32
2026/10/08 05:33:42.160, 4, 120 MHz, 3996 MHz, 183.94 W, 35
2026/10/08 05:33:42.160, 5, 120 MHz, 3996 MHz, 182.61 W, 33
2026/10/08 05:33:42.160, 6, 120 MHz, 3996 MHz, 184.83 W, 28
2026/10/08 05:33:42.160, 7, 120 MHz, 3996 MHz, 184.62 W, 27
2026/10/08 05:33:43.160, 0, 120 MHz, 3996 MHz, 186.41 W, 36
2026/10/08 05:33:43.160, 1, 120 MHz, 3996 MHz, 188.23 W, 38
2026/10/08 05:33:43.160, 2, 2032 MHz, 3996 MHz, 243.02 W, 32
2026/10/08 05:33:43.160, 3, 2032 MHz, 3996 MHz, 236.63 W, 32
2026/10/08 05:33:43.160, 4, 120 MHz, 3996 MHz, 183.87 W, 35
2026/10/08 05:33:43.160, 5, 120 MHz, 3996 MHz, 182.47 W, 33
2026/10/08 05:33:43.160, 6, 120 MHz, 3996 MHz, 184.83 W, 28
2026/10/08 05:33:43.160, 7, 120 MHz, 3996 MHz, 184.62 W, 27
2026/10/08 05:33:44.160, 0, 120 MHz, 3996 MHz, 186.41 W, 36
2026/10/08 05:33:44.161, 1, 120 MHz, 3996 MHz, 188.23 W, 38
2026/10/08 05:33:44.161, 2, 2032 MHz, 3996 MHz, 243.60 W, 32
2026/10/08 05:33:44.161, 3, 2032 MHz, 3996 MHz, 236.64 W, 32
2026/10/08 05:33:44.161, 4, 120 MHz, 3996 MHz, 183.93 W, 35
2026/10/08 05:33:44.161, 5, 120 MHz, 3996 MHz, 182.54 W, 33
2026/10/08 05:33:44.161, 6, 120 MHz, 3996 MHz, 184.83 W, 28
2026/10/08 05:33:44.161, 7, 120 MHz, 3996 MHz, 184.62 W, 27
2026/10/08 05:33:45.161, 0, 120 MHz, 3996 MHz, 186.41 W, 36
2026/10/08 05:33:45.161, 1, 120 MHz, 3996 MHz, 188.23 W, 38
2026/10/08 05:33:45.161, 2, 2032 MHz, 3996 MHz, 236.66 W, 32
2026/10/08 05:33:45.161, 3, 2032 MHz, 3996 MHz, 236.46 W, 32
2026/10/08 05:33:45.161, 4, 120 MHz, 3996 MHz, 183.60 W, 35
2026/10/08 05:33:45.161, 5, 120 MHz, 3996 MHz, 182.43 W, 33
2026/10/08 05:33:45.161, 6, 120 MHz, 3996 MHz, 184.83 W, 28
2026/10/08 05:33:45.161, 7, 120 MHz, 3996 MHz, 184.62 W, 27
2026/10/08 05:33:46.161, 0, 120 MHz, 3996 MHz, 186.33 W, 36
2026/10/08 05:33:46.161, 1, 120 MHz, 3996 MHz, 188.23 W, 38
2026/10/08 05:33:46.161, 2, 2032 MHz, 3996 MHz, 236.66 W, 31
2026/10/08 05:33:46.161, 3, 2032 MHz, 3996 MHz, 236.66 W, 32
2026/10/08 05:33:46.161, 4, 120 MHz, 3996 MHz, 183.36 W, 35
2026/10/08 05:33:46.161, 5, 120 MHz, 3996 MHz, 182.51 W, 33
2026/10/08 05:33:46.161, 6, 120 MHz, 3996 MHz, 184.83 W, 28
2026/10/08 05:33:46.161, 7, 120 MHz, 3996 MHz, 184.61 W, 27
2026/10/08 05:33:47.161, 0, 120 MHz, 3996 MHz, 186.29 W, 36
2026/10/08 05:33:47.162, 1, 120 MHz, 3996 MHz, 188.23 W, 38
2026/10/08 05:33:47.162, 2, 2032 MHz, 3996 MHz, 236.66 W, 31
2026/10/08 05:33:47.162, 3, 2032 MHz, 3996 MHz, 236.62 W, 32
2026/10/08 05:33:47.162, 4, 120 MHz, 3996 MHz, 183.48 W, 35
2026/10/08 05:33:47.162, 5, 120 MHz, 3996 MHz, 182.46 W, 33
2026/10/08 05:33:47.162, 6, 120 MHz, 3996 MHz, 184.83 W, 28
2026/10/08 05:33:47.162, 7, 120 MHz, 3996 MHz, 184.60 W, 27
2026/10/08 05:33:48.162, 0, 120 MHz, 3996 MHz, 186.33 W, 36
2026/10/08 05:33:48.162, 1, 120 MHz, 3996 MHz, 188.23 W, 38
2026/10/08 05:33:48.162, 2, 2032 MHz, 3996 MHz, 236.68 W, 31
2026/10/08 05:33:48.162, 3, 1590 MHz, 3996 MHz, 475.55 W, 41
2026/10/08 05:33:48.162, 4, 120 MHz, 3996 MHz, 183.65 W, 35
2026/10/08 05:33:48.162, 5, 120 MHz, 3996 MHz, 182.58 W, 33
2026/10/08 05:33:48.162, 6, 120 MHz, 3996 MHz, 184.83 W, 28
2026/10/08 05:33:48.162, 7, 120 MHz, 3996 MHz, 184.64 W, 27
2026/10/08 05:33:49.162, 0, 120 MHz, 3996 MHz, 186.29 W, 36
2026/10/08 05:33:49.162, 1, 120 MHz, 3996 MHz, 188.23 W, 38
2026/10/08 05:33:49.162, 2, 2032 MHz, 3996 MHz, 236.34 W, 31
2026/10/08 05:33:49.162, 3, 2032 MHz, 3996 MHz, 357.57 W, 34
2026/10/08 05:33:49.162, 4, 120 MHz, 3996 MHz, 183.46 W, 35
2026/10/08 05:33:49.162, 5, 120 MHz, 3996 MHz, 182.35 W, 33
2026/10/08 05:33:49.162, 6, 120 MHz, 3996 MHz, 184.79 W, 28
2026/10/08 05:33:49.162, 7, 120 MHz, 3996 MHz, 184.62 W, 27
2026/10/08 05:33:50.162, 0, 120 MHz, 3996 MHz, 186.41 W, 36
2026/10/08 05:33:50.162, 1, 120 MHz, 3996 MHz, 188.23 W, 38
2026/10/08 05:33:50.162, 2, 1792 MHz, 3996 MHz, 470.75 W, 41
2026/10/08 05:33:50.162, 3, 2032 MHz, 3996 MHz, 241.47 W, 32
2026/10/08 05:33:50.162, 4, 120 MHz, 3996 MHz, 183.25 W, 35
2026/10/08 05:33:50.162, 5, 120 MHz, 3996 MHz, 182.54 W, 33
2026/10/08 05:33:50.162, 6, 120 MHz, 3996 MHz, 184.83 W, 28
2026/10/08 05:33:50.162, 7, 120 MHz, 3996 MHz, 184.63 W, 27
2026/10/08 05:33:51.163, 0, 120 MHz, 3996 MHz, 186.41 W, 36
2026/10/08 05:33:51.163, 1, 120 MHz, 3996 MHz, 188.23 W, 38
2026/10/08 05:33:51.163, 2, 2032 MHz, 3996 MHz, 367.00 W, 34
2026/10/08 05:33:51.163, 3, 2032 MHz, 3996 MHz, 896.74 W, 40
2026/10/08 05:33:51.163, 4, 120 MHz, 3996 MHz, 183.33 W, 35
2026/10/08 05:33:51.163, 5, 120 MHz, 3996 MHz, 182.53 W, 33
2026/10/08 05:33:51.163, 6, 120 MHz, 3996 MHz, 184.83 W, 28
2026/10/08 05:33:51.163, 7, 120 MHz, 3996 MHz, 184.62 W, 27
2026/10/08 05:33:52.163, 0, 120 MHz, 3996 MHz, 186.41 W, 36
2026/10/08 05:33:52.163, 1, 120 MHz, 3996 MHz, 188.19 W, 38
2026/10/08 05:33:52.163, 2, 2032 MHz, 3996 MHz, 240.15 W, 32
2026/10/08 05:33:52.163, 3, 2032 MHz, 3996 MHz, 794.09 W, 40
2026/10/08 05:33:52.163, 4, 120 MHz, 3996 MHz, 183.35 W, 35
2026/10/08 05:33:52.163, 5, 120 MHz, 3996 MHz, 182.54 W, 33
2026/10/08 05:33:52.163, 6, 120 MHz, 3996 MHz, 184.83 W, 28
2026/10/08 05:33:52.163, 7, 120 MHz, 3996 MHz, 184.62 W, 27
2026/10/08 05:33:53.163, 0, 120 MHz, 3996 MHz, 186.41 W, 36
2026/10/08 05:33:53.163, 1, 120 MHz, 3996 MHz, 188.15 W, 38
2026/10/08 05:33:53.163, 2, 2032 MHz, 3996 MHz, 923.54 W, 40
2026/10/08 05:33:53.163, 3, 2032 MHz, 3996 MHz, 791.49 W, 41
2026/10/08 05:33:53.163, 4, 120 MHz, 3996 MHz, 183.21 W, 35
2026/10/08 05:33:53.163, 5, 120 MHz, 3996 MHz, 182.22 W, 33
2026/10/08 05:33:53.163, 6, 120 MHz, 3996 MHz, 184.79 W, 28
2026/10/08 05:33:53.163, 7, 120 MHz, 3996 MHz, 184.59 W, 27
2026/10/08 05:33:54.163, 0, 120 MHz, 3996 MHz, 186.41 W, 36
2026/10/08 05:33:54.164, 1, 120 MHz, 3996 MHz, 188.07 W, 38
2026/10/08 05:33:54.164, 2, 2032 MHz, 3996 MHz, 801.26 W, 40
2026/10/08 05:33:54.164, 3, 2032 MHz, 3996 MHz, 794.44 W, 41
2026/10/08 05:33:54.164, 4, 120 MHz, 3996 MHz, 182.88 W, 35
2026/10/08 05:33:54.164, 5, 120 MHz, 3996 MHz, 182.23 W, 33
2026/10/08 05:33:54.164, 6, 120 MHz, 3996 MHz, 184.83 W, 28
2026/10/08 05:33:54.164, 7, 120 MHz, 3996 MHz, 184.60 W, 27
2026/10/08 05:33:55.164, 0, 120 MHz, 3996 MHz, 186.41 W, 35
2026/10/08 05:33:55.164, 1, 120 MHz, 3996 MHz, 188.11 W, 38
2026/10/08 05:33:55.164, 2, 2032 MHz, 3996 MHz, 800.68 W, 41
2026/10/08 05:33:55.164, 3, 1380 MHz, 3996 MHz, 956.41 W, 46
2026/10/08 05:33:55.164, 4, 120 MHz, 3996 MHz, 183.02 W, 35
2026/10/08 05:33:55.164, 5, 120 MHz, 3996 MHz, 182.34 W, 33
2026/10/08 05:33:55.164, 6, 120 MHz, 3996 MHz, 184.79 W, 28
2026/10/08 05:33:55.164, 7, 120 MHz, 3996 MHz, 184.59 W, 27
2026/10/08 05:33:56.164, 0, 120 MHz, 3996 MHz, 186.41 W, 35
2026/10/08 05:33:56.164, 1, 120 MHz, 3996 MHz, 188.11 W, 38
2026/10/08 05:33:56.164, 2, 2032 MHz, 3996 MHz, 803.09 W, 41
2026/10/08 05:33:56.164, 3, 2032 MHz, 3996 MHz, 786.63 W, 42
2026/10/08 05:33:56.164, 4, 120 MHz, 3996 MHz, 182.91 W, 35
2026/10/08 05:33:56.164, 5, 120 MHz, 3996 MHz, 182.27 W, 33
2026/10/08 05:33:56.164, 6, 120 MHz, 3996 MHz, 184.79 W, 28
2026/10/08 05:33:56.164, 7, 120 MHz, 3996 MHz, 184.61 W, 27
2026/10/08 05:33:57.164, 0, 120 MHz, 3996 MHz, 186.41 W, 35
2026/10/08 05:33:57.164, 1, 120 MHz, 3996 MHz, 188.07 W, 38
2026/10/08 05:33:57.164, 2, 2010 MHz, 3996 MHz, 933.43 W, 43
2026/10/08 05:33:57.164, 3, 2032 MHz, 3996 MHz, 793.84 W, 42
2026/10/08 05:33:57.164, 4, 120 MHz, 3996 MHz, 182.95 W, 35
2026/10/08 05:33:57.164, 5, 120 MHz, 3996 MHz, 182.42 W, 33
2026/10/08 05:33:57.164, 6, 120 MHz, 3996 MHz, 184.83 W, 28
2026/10/08 05:33:57.164, 7, 120 MHz, 3996 MHz, 184.60 W, 27
2026/10/08 05:33:58.165, 0, 120 MHz, 3996 MHz, 186.41 W, 35
2026/10/08 05:33:58.165, 1, 120 MHz, 3996 MHz, 188.07 W, 38
2026/10/08 05:33:58.165, 2, 2032 MHz, 3996 MHz, 798.82 W, 42
2026/10/08 05:33:58.165, 3, 2032 MHz, 3996 MHz, 799.01 W, 42
2026/10/08 05:33:58.165, 4, 120 MHz, 3996 MHz, 182.76 W, 35
2026/10/08 05:33:58.165, 5, 120 MHz, 3996 MHz, 182.58 W, 33
2026/10/08 05:33:58.165, 6, 120 MHz, 3996 MHz, 184.83 W, 28
2026/10/08 05:33:58.165, 7, 120 MHz, 3996 MHz, 184.61 W, 27
2026/10/08 05:33:59.165, 0, 120 MHz, 3996 MHz, 186.41 W, 35
2026/10/08 05:33:59.165, 1, 120 MHz, 3996 MHz, 187.99 W, 38
2026/10/08 05:33:59.165, 2, 2032 MHz, 3996 MHz, 800.06 W, 42
2026/10/08 05:33:59.165, 3, 1357 MHz, 3996 MHz, 885.84 W, 52
2026/10/08 05:33:59.165, 4, 120 MHz, 3996 MHz, 183.02 W, 35
2026/10/08 05:33:59.165, 5, 120 MHz, 3996 MHz, 182.41 W, 33
2026/10/08 05:33:59.165, 6, 120 MHz, 3996 MHz, 184.83 W, 28
2026/10/08 05:33:59.165, 7, 120 MHz, 3996 MHz, 184.62 W, 27
2026/10/08 05:34:00.165, 0, 120 MHz, 3996 MHz, 186.41 W, 35
2026/10/08 05:34:00.165, 1, 120 MHz, 3996 MHz, 188.04 W, 38
2026/10/08 05:34:00.165, 2, 2032 MHz, 3996 MHz, 803.63 W, 42
2026/10/08 05:34:00.165, 3, 2032 MHz, 3996 MHz, 862.99 W, 43
2026/10/08 05:34:00.165, 4, 120 MHz, 3996 MHz, 183.63 W, 35
2026/10/08 05:34:00.165, 5, 120 MHz, 3996 MHz, 182.09 W, 33
2026/10/08 05:34:00.165, 6, 120 MHz, 3996 MHz, 184.83 W, 28
2026/10/08 05:34:00.165, 7, 120 MHz, 3996 MHz, 184.64 W, 27
2026/10/08 05:34:01.165, 0, 120 MHz, 3996 MHz, 186.37 W, 35
2026/10/08 05:34:01.166, 1, 120 MHz, 3996 MHz, 187.95 W, 38
2026/10/08 05:34:01.166, 2, 1320 MHz, 3996 MHz, 928.02 W, 52
2026/10/08 05:34:01.166, 3, 2032 MHz, 3996 MHz, 796.84 W, 43
2026/10/08 05:34:01.166, 4, 120 MHz, 3996 MHz, 184.59 W, 35
2026/10/08 05:34:01.166, 5, 120 MHz, 3996 MHz, 182.54 W, 33
2026/10/08 05:34:01.166, 6, 120 MHz, 3996 MHz, 184.83 W, 28
2026/10/08 05:34:01.166, 7, 120 MHz, 3996 MHz, 184.62 W, 27
2026/10/08 05:34:02.166, 0, 120 MHz, 3996 MHz, 186.41 W, 35
2026/10/08 05:34:02.166, 1, 120 MHz, 3996 MHz, 187.88 W, 38
2026/10/08 05:34:02.166, 2, 2032 MHz, 3996 MHz, 835.96 W, 43
2026/10/08 05:34:02.166, 3, 2032 MHz, 3996 MHz, 801.67 W, 43
2026/10/08 05:34:02.166, 4, 120 MHz, 3996 MHz, 184.58 W, 35
2026/10/08 05:34:02.166, 5, 120 MHz, 3996 MHz, 182.35 W, 33
2026/10/08 05:34:02.166, 6, 120 MHz, 3996 MHz, 184.79 W, 28
2026/10/08 05:34:02.166, 7, 120 MHz, 3996 MHz, 184.63 W, 27
2026/10/08 05:34:03.166, 0, 120 MHz, 3996 MHz, 186.41 W, 35
2026/10/08 05:34:03.166, 1, 120 MHz, 3996 MHz, 187.81 W, 38
2026/10/08 05:34:03.166, 2, 2032 MHz, 3996 MHz, 805.04 W, 43
2026/10/08 05:34:03.166, 3, 2032 MHz, 3996 MHz, 798.02 W, 43
2026/10/08 05:34:03.166, 4, 120 MHz, 3996 MHz, 184.59 W, 35
2026/10/08 05:34:03.166, 5, 120 MHz, 3996 MHz, 182.19 W, 33
2026/10/08 05:34:03.166, 6, 120 MHz, 3996 MHz, 184.83 W, 28
2026/10/08 05:34:03.166, 7, 120 MHz, 3996 MHz, 184.62 W, 27
2026/10/08 05:34:04.166, 0, 120 MHz, 3996 MHz, 186.41 W, 35
2026/10/08 05:34:04.166, 1, 120 MHz, 3996 MHz, 187.76 W, 37
2026/10/08 05:34:04.166, 2, 2032 MHz, 3996 MHz, 807.00 W, 43
2026/10/08 05:34:04.167, 3, 2032 MHz, 3996 MHz, 949.77 W, 44
2026/10/08 05:34:04.167, 4, 120 MHz, 3996 MHz, 184.58 W, 35
2026/10/08 05:34:04.167, 5, 120 MHz, 3996 MHz, 181.95 W, 33
2026/10/08 05:34:04.167, 6, 120 MHz, 3996 MHz, 184.79 W, 28
2026/10/08 05:34:04.167, 7, 120 MHz, 3996 MHz, 184.64 W, 27
2026/10/08 05:34:05.167, 0, 120 MHz, 3996 MHz, 186.41 W, 35
2026/10/08 05:34:05.167, 1, 120 MHz, 3996 MHz, 187.80 W, 37
2026/10/08 05:34:05.167, 2, 1357 MHz, 3996 MHz, 849.71 W, 51
2026/10/08 05:34:05.167, 3, 2032 MHz, 3996 MHz, 798.32 W, 44
2026/10/08 05:34:05.167, 4, 2032 MHz, 3996 MHz, 200.61 W, 35
2026/10/08 05:34:05.167, 5, 120 MHz, 3996 MHz, 182.46 W, 33
2026/10/08 05:34:05.167, 6, 120 MHz, 3996 MHz, 184.83 W, 28
2026/10/08 05:34:05.167, 7, 120 MHz, 3996 MHz, 184.64 W, 27
2026/10/08 05:34:06.167, 0, 120 MHz, 3996 MHz, 186.41 W, 35
2026/10/08 05:34:06.167, 1, 120 MHz, 3996 MHz, 187.96 W, 38
2026/10/08 05:34:06.167, 2, 2032 MHz, 3996 MHz, 919.48 W, 44
2026/10/08 05:34:06.167, 3, 2032 MHz, 3996 MHz, 800.91 W, 44
2026/10/08 05:34:06.167, 4, 2032 MHz, 3996 MHz, 242.72 W, 36
2026/10/08 05:34:06.167, 5, 120 MHz, 3996 MHz, 182.11 W, 33
2026/10/08 05:34:06.167, 6, 120 MHz, 3996 MHz, 184.83 W, 28
2026/10/08 05:34:06.167, 7, 120 MHz, 3996 MHz, 184.62 W, 27
2026/10/08 05:34:07.167, 0, 120 MHz, 3996 MHz, 186.41 W, 36
2026/10/08 05:34:07.167, 1, 120 MHz, 3996 MHz, 187.84 W, 38
2026/10/08 05:34:07.167, 2, 2032 MHz, 3996 MHz, 805.06 W, 44
2026/10/08 05:34:07.167, 3, 2032 MHz, 3996 MHz, 802.44 W, 44
2026/10/08 05:34:07.167, 4, 2032 MHz, 3996 MHz, 243.33 W, 36
2026/10/08 05:34:07.167, 5, 120 MHz, 3996 MHz, 182.40 W, 33
2026/10/08 05:34:07.167, 6, 120 MHz, 3996 MHz, 184.83 W, 28
2026/10/08 05:34:07.167, 7, 120 MHz, 3996 MHz, 184.63 W, 27
2026/10/08 05:34:08.168, 0, 120 MHz, 3996 MHz, 186.41 W, 36
2026/10/08 05:34:08.168, 1, 120 MHz, 3996 MHz, 187.80 W, 38
2026/10/08 05:34:08.168, 2, 2032 MHz, 3996 MHz, 806.91 W, 44
2026/10/08 05:34:08.168, 3, 2032 MHz, 3996 MHz, 958.91 W, 46
2026/10/08 05:34:08.168, 4, 2032 MHz, 3996 MHz, 242.60 W, 36
2026/10/08 05:34:08.168, 5, 120 MHz, 3996 MHz, 182.33 W, 33
2026/10/08 05:34:08.168, 6, 120 MHz, 3996 MHz, 184.83 W, 28
2026/10/08 05:34:08.168, 7, 120 MHz, 3996 MHz, 184.65 W, 27
2026/10/08 05:34:09.168, 0, 120 MHz, 3996 MHz, 186.41 W, 36
2026/10/08 05:34:09.168, 1, 120 MHz, 3996 MHz, 187.88 W, 38
2026/10/08 05:34:09.168, 2, 2032 MHz, 3996 MHz, 809.20 W, 44
2026/10/08 05:34:09.168, 3, 2032 MHz, 3996 MHz, 798.01 W, 45
2026/10/08 05:34:09.168, 4, 345 MHz, 3996 MHz, 214.35 W, 35
2026/10/08 05:34:09.168, 5, 120 MHz, 3996 MHz, 182.27 W, 33
2026/10/08 05:34:09.168, 6, 120 MHz, 3996 MHz, 184.83 W, 28
2026/10/08 05:34:09.168, 7, 120 MHz, 3996 MHz, 184.64 W, 27
2026/10/08 05:34:10.168, 0, 120 MHz, 3996 MHz, 186.41 W, 36
2026/10/08 05:34:10.168, 1, 120 MHz, 3996 MHz, 188.15 W, 38
2026/10/08 05:34:10.168, 2, 2032 MHz, 3996 MHz, 952.56 W, 45
2026/10/08 05:34:10.168, 3, 2032 MHz, 3996 MHz, 800.07 W, 45
2026/10/08 05:34:10.168, 4, 217 MHz, 3996 MHz, 185.71 W, 35
2026/10/08 05:34:10.168, 5, 120 MHz, 3996 MHz, 182.23 W, 33
2026/10/08 05:34:10.168, 6, 120 MHz, 3996 MHz, 184.83 W, 28
2026/10/08 05:34:10.168, 7, 120 MHz, 3996 MHz, 184.67 W, 27
2026/10/08 05:34:11.168, 0, 120 MHz, 3996 MHz, 186.41 W, 36
2026/10/08 05:34:11.168, 1, 120 MHz, 3996 MHz, 188.07 W, 38
2026/10/08 05:34:11.168, 2, 2032 MHz, 3996 MHz, 805.33 W, 45
2026/10/08 05:34:11.168, 3, 2032 MHz, 3996 MHz, 801.25 W, 45
2026/10/08 05:34:11.168, 4, 142 MHz, 3996 MHz, 184.58 W, 35
2026/10/08 05:34:11.168, 5, 120 MHz, 3996 MHz, 182.19 W, 33
2026/10/08 05:34:11.168, 6, 120 MHz, 3996 MHz, 184.83 W, 28
2026/10/08 05:34:11.168, 7, 120 MHz, 3996 MHz, 184.63 W, 27
2026/10/08 05:34:12.169, 0, 120 MHz, 3996 MHz, 186.41 W, 36
2026/10/08 05:34:12.169, 1, 120 MHz, 3996 MHz, 188.04 W, 38
2026/10/08 05:34:12.169, 2, 2032 MHz, 3996 MHz, 809.95 W, 45
2026/10/08 05:34:12.169, 3, 1305 MHz, 3996 MHz, 951.27 W, 54
2026/10/08 05:34:12.169, 4, 120 MHz, 3996 MHz, 184.55 W, 35
2026/10/08 05:34:12.169, 5, 120 MHz, 3996 MHz, 182.22 W, 33
2026/10/08 05:34:12.169, 6, 120 MHz, 3996 MHz, 184.83 W, 28
2026/10/08 05:34:12.169, 7, 120 MHz, 3996 MHz, 184.63 W, 27
2026/10/08 05:34:13.169, 0, 120 MHz, 3996 MHz, 186.41 W, 36
2026/10/08 05:34:13.169, 1, 120 MHz, 3996 MHz, 188.11 W, 38
2026/10/08 05:34:13.169, 2, 2032 MHz, 3996 MHz, 809.63 W, 45
2026/10/08 05:34:13.169, 3, 2032 MHz, 3996 MHz, 802.49 W, 46
2026/10/08 05:34:13.169, 4, 120 MHz, 3996 MHz, 184.59 W, 35
2026/10/08 05:34:13.169, 5, 120 MHz, 3996 MHz, 182.30 W, 33
2026/10/08 05:34:13.169, 6, 120 MHz, 3996 MHz, 184.83 W, 28
2026/10/08 05:34:13.169, 7, 120 MHz, 3996 MHz, 184.63 W, 27
2026/10/08 05:34:14.169, 0, 120 MHz, 3996 MHz, 186.41 W, 36
2026/10/08 05:34:14.169, 1, 120 MHz, 3996 MHz, 188.07 W, 38
2026/10/08 05:34:14.169, 2, 1792 MHz, 3996 MHz, 956.60 W, 51
2026/10/08 05:34:14.169, 3, 2032 MHz, 3996 MHz, 800.13 W, 46
2026/10/08 05:34:14.169, 4, 120 MHz, 3996 MHz, 184.58 W, 35
2026/10/08 05:34:14.169, 5, 120 MHz, 3996 MHz, 182.14 W, 33
2026/10/08 05:34:14.169, 6, 120 MHz, 3996 MHz, 184.83 W, 28
2026/10/08 05:34:14.169, 7, 120 MHz, 3996 MHz, 184.62 W, 27
2026/10/08 05:34:15.169, 0, 120 MHz, 3996 MHz, 186.41 W, 36
2026/10/08 05:34:15.169, 1, 120 MHz, 3996 MHz, 188.07 W, 38
2026/10/08 05:34:15.169, 2, 2032 MHz, 3996 MHz, 795.17 W, 45
2026/10/08 05:34:15.169, 3, 2032 MHz, 3996 MHz, 801.06 W, 46
2026/10/08 05:34:15.169, 4, 120 MHz, 3996 MHz, 184.59 W, 35
2026/10/08 05:34:15.169, 5, 120 MHz, 3996 MHz, 182.00 W, 33
2026/10/08 05:34:15.169, 6, 120 MHz, 3996 MHz, 184.83 W, 28
2026/10/08 05:34:15.170, 7, 120 MHz, 3996 MHz, 184.60 W, 27
2026/10/08 05:34:16.170, 0, 120 MHz, 3996 MHz, 186.41 W, 36
2026/10/08 05:34:16.170, 1, 120 MHz, 3996 MHz, 188.19 W, 38
2026/10/08 05:34:16.170, 2, 2032 MHz, 3996 MHz, 806.11 W, 45
2026/10/08 05:34:16.170, 3, 1365 MHz, 3996 MHz, 885.12 W, 55
2026/10/08 05:34:16.170, 4, 120 MHz, 3996 MHz, 184.59 W, 35
2026/10/08 05:34:16.170, 5, 120 MHz, 3996 MHz, 182.11 W, 33
2026/10/08 05:34:16.170, 6, 120 MHz, 3996 MHz, 184.83 W, 28
2026/10/08 05:34:16.170, 7, 120 MHz, 3996 MHz, 184.65 W, 27
2026/10/08 05:34:17.170, 0, 120 MHz, 3996 MHz, 186.41 W, 36
2026/10/08 05:34:17.170, 1, 120 MHz, 3996 MHz, 188.19 W, 38
2026/10/08 05:34:17.170, 2, 2032 MHz, 3996 MHz, 809.38 W, 46
2026/10/08 05:34:17.170, 3, 2032 MHz, 3996 MHz, 873.86 W, 46
2026/10/08 05:34:17.170, 4, 120 MHz, 3996 MHz, 184.59 W, 35
2026/10/08 05:34:17.170, 5, 120 MHz, 3996 MHz, 182.02 W, 33
2026/10/08 05:34:17.170, 6, 120 MHz, 3996 MHz, 184.83 W, 28
2026/10/08 05:34:17.170, 7, 120 MHz, 3996 MHz, 184.63 W, 27
2026/10/08 05:34:18.170, 0, 120 MHz, 3996 MHz, 186.41 W, 36
2026/10/08 05:34:18.170, 1, 120 MHz, 3996 MHz, 188.23 W, 38
2026/10/08 05:34:18.170, 2, 1342 MHz, 3996 MHz, 895.91 W, 55
2026/10/08 05:34:18.170, 3, 2032 MHz, 3996 MHz, 798.21 W, 46
2026/10/08 05:34:18.170, 4, 120 MHz, 3996 MHz, 184.59 W, 35
2026/10/08 05:34:18.170, 5, 120 MHz, 3996 MHz, 182.00 W, 33
2026/10/08 05:34:18.170, 6, 120 MHz, 3996 MHz, 184.83 W, 28
2026/10/08 05:34:18.170, 7, 120 MHz, 3996 MHz, 184.61 W, 27
2026/10/08 05:34:19.170, 0, 120 MHz, 3996 MHz, 186.41 W, 36
2026/10/08 05:34:19.170, 1, 120 MHz, 3996 MHz, 188.23 W, 38
2026/10/08 05:34:19.170, 2, 2032 MHz, 3996 MHz, 857.93 W, 46
2026/10/08 05:34:19.170, 3, 2032 MHz, 3996 MHz, 802.10 W, 46
2026/10/08 05:34:19.170, 4, 120 MHz, 3996 MHz, 184.59 W, 34
2026/10/08 05:34:19.170, 5, 120 MHz, 3996 MHz, 181.99 W, 33
2026/10/08 05:34:19.170, 6, 120 MHz, 3996 MHz, 184.83 W, 28
2026/10/08 05:34:19.170, 7, 120 MHz, 3996 MHz, 184.62 W, 27
2026/10/08 05:34:20.171, 0, 120 MHz, 3996 MHz, 186.41 W, 36
2026/10/08 05:34:20.171, 1, 120 MHz, 3996 MHz, 188.19 W, 38
2026/10/08 05:34:20.171, 2, 2032 MHz, 3996 MHz, 806.45 W, 46
2026/10/08 05:34:20.171, 3, 2032 MHz, 3996 MHz, 805.89 W, 47
2026/10/08 05:34:20.171, 4, 120 MHz, 3996 MHz, 184.57 W, 34
2026/10/08 05:34:20.171, 5, 120 MHz, 3996 MHz, 182.02 W, 33
2026/10/08 05:34:20.171, 6, 120 MHz, 3996 MHz, 184.83 W, 28
2026/10/08 05:34:20.171, 7, 120 MHz, 3996 MHz, 184.59 W, 27
2026/10/08 05:34:21.171, 0, 120 MHz, 3996 MHz, 186.41 W, 36
2026/10/08 05:34:21.171, 1, 120 MHz, 3996 MHz, 188.23 W, 38
2026/10/08 05:34:21.171, 2, 2032 MHz, 3996 MHz, 814.96 W, 46
2026/10/08 05:34:21.171, 3, 2032 MHz, 3996 MHz, 933.57 W, 47
2026/10/08 05:34:21.171, 4, 120 MHz, 3996 MHz, 184.59 W, 34
2026/10/08 05:34:21.171, 5, 120 MHz, 3996 MHz, 182.10 W, 33
2026/10/08 05:34:21.171, 6, 120 MHz, 3996 MHz, 184.83 W, 28
2026/10/08 05:34:21.171, 7, 120 MHz, 3996 MHz, 184.60 W, 27
2026/10/08 05:34:22.171, 0, 120 MHz, 3996 MHz, 186.41 W, 36
2026/10/08 05:34:22.171, 1, 120 MHz, 3996 MHz, 188.23 W, 38
2026/10/08 05:34:22.171, 2, 2032 MHz, 3996 MHz, 826.57 W, 45
2026/10/08 05:34:22.171, 3, 2032 MHz, 3996 MHz, 799.42 W, 47
2026/10/08 05:34:22.171, 4, 120 MHz, 3996 MHz, 184.59 W, 34
2026/10/08 05:34:22.171, 5, 120 MHz, 3996 MHz, 182.02 W, 33
2026/10/08 05:34:22.171, 6, 120 MHz, 3996 MHz, 184.83 W, 28
2026/10/08 05:34:22.171, 7, 120 MHz, 3996 MHz, 184.60 W, 27
2026/10/08 05:34:23.171, 0, 120 MHz, 3996 MHz, 186.41 W, 36
2026/10/08 05:34:23.172, 1, 120 MHz, 3996 MHz, 188.23 W, 38
2026/10/08 05:34:23.172, 2, 2032 MHz, 3996 MHz, 944.32 W, 47
2026/10/08 05:34:23.172, 3, 2032 MHz, 3996 MHz, 803.11 W, 47
2026/10/08 05:34:23.172, 4, 120 MHz, 3996 MHz, 184.59 W, 34
2026/10/08 05:34:23.172, 5, 120 MHz, 3996 MHz, 182.23 W, 33
2026/10/08 05:34:23.172, 6, 120 MHz, 3996 MHz, 184.83 W, 28
2026/10/08 05:34:23.172, 7, 120 MHz, 3996 MHz, 184.61 W, 27
2026/10/08 05:34:24.172, 0, 120 MHz, 3996 MHz, 186.41 W, 36
2026/10/08 05:34:24.172, 1, 120 MHz, 3996 MHz, 188.23 W, 38
2026/10/08 05:34:24.172, 2, 2032 MHz, 3996 MHz, 808.69 W, 47
2026/10/08 05:34:24.172, 3, 2032 MHz, 3996 MHz, 803.98 W, 47
2026/10/08 05:34:24.172, 4, 120 MHz, 3996 MHz, 184.59 W, 34
2026/10/08 05:34:24.172, 5, 120 MHz, 3996 MHz, 182.19 W, 33
2026/10/08 05:34:24.172, 6, 120 MHz, 3996 MHz, 184.83 W, 28
2026/10/08 05:34:24.172, 7, 120 MHz, 3996 MHz, 184.63 W, 27
2026/10/08 05:34:25.172, 0, 120 MHz, 3996 MHz, 186.41 W, 36
2026/10/08 05:34:25.172, 1, 120 MHz, 3996 MHz, 188.23 W, 38
2026/10/08 05:34:25.172, 2, 2032 MHz, 3996 MHz, 811.20 W, 47
2026/10/08 05:34:25.172, 3, 2017 MHz, 3996 MHz, 939.32 W, 49
2026/10/08 05:34:25.172, 4, 120 MHz, 3996 MHz, 184.59 W, 34
2026/10/08 05:34:25.172, 5, 120 MHz, 3996 MHz, 182.34 W, 33
2026/10/08 05:34:25.172, 6, 120 MHz, 3996 MHz, 184.83 W, 28
2026/10/08 05:34:25.172, 7, 120 MHz, 3996 MHz, 184.61 W, 27
2026/10/08 05:34:26.172, 0, 120 MHz, 3996 MHz, 186.41 W, 37
2026/10/08 05:34:26.172, 1, 120 MHz, 3996 MHz, 188.23 W, 38
2026/10/08 05:34:26.172, 2, 2032 MHz, 3996 MHz, 813.42 W, 47
2026/10/08 05:34:26.172, 3, 2032 MHz, 3996 MHz, 798.21 W, 47
2026/10/08 05:34:26.172, 4, 120 MHz, 3996 MHz, 184.59 W, 34
2026/10/08 05:34:26.172, 5, 120 MHz, 3996 MHz, 182.18 W, 33
2026/10/08 05:34:26.172, 6, 120 MHz, 3996 MHz, 184.83 W, 28
2026/10/08 05:34:26.172, 7, 120 MHz, 3996 MHz, 184.61 W, 27
2026/10/08 05:34:27.173, 0, 120 MHz, 3996 MHz, 186.41 W, 37
2026/10/08 05:34:27.173, 1, 120 MHz, 3996 MHz, 188.23 W, 38
2026/10/08 05:34:27.173, 2, 2032 MHz, 3996 MHz, 939.41 W, 48
2026/10/08 05:34:27.173, 3, 2032 MHz, 3996 MHz, 802.54 W, 47
2026/10/08 05:34:27.173, 4, 120 MHz, 3996 MHz, 184.58 W, 34
2026/10/08 05:34:27.173, 5, 120 MHz, 3996 MHz, 182.26 W, 33
2026/10/08 05:34:27.173, 6, 120 MHz, 3996 MHz, 184.83 W, 28
2026/10/08 05:34:27.173, 7, 120 MHz, 3996 MHz, 184.60 W, 27
2026/10/08 05:34:28.173, 0, 120 MHz, 3996 MHz, 186.41 W, 37
2026/10/08 05:34:28.173, 1, 120 MHz, 3996 MHz, 188.23 W, 38
2026/10/08 05:34:28.173, 2, 2032 MHz, 3996 MHz, 807.66 W, 47
2026/10/08 05:34:28.173, 3, 2032 MHz, 3996 MHz, 802.98 W, 48
2026/10/08 05:34:28.173, 4, 120 MHz, 3996 MHz, 184.59 W, 34
2026/10/08 05:34:28.173, 5, 120 MHz, 3996 MHz, 182.26 W, 33
2026/10/08 05:34:28.173, 6, 120 MHz, 3996 MHz, 184.83 W, 28
2026/10/08 05:34:28.173, 7, 120 MHz, 3996 MHz, 184.60 W, 27
2026/10/08 05:34:29.173, 0, 120 MHz, 3996 MHz, 186.41 W, 37
2026/10/08 05:34:29.173, 1, 120 MHz, 3996 MHz, 188.23 W, 39
2026/10/08 05:34:29.173, 2, 2032 MHz, 3996 MHz, 811.15 W, 47
2026/10/08 05:34:29.173, 3, 1335 MHz, 3996 MHz, 926.07 W, 57
2026/10/08 05:34:29.173, 4, 120 MHz, 3996 MHz, 184.59 W, 34
2026/10/08 05:34:29.173, 5, 120 MHz, 3996 MHz, 182.29 W, 33
2026/10/08 05:34:29.173, 6, 120 MHz, 3996 MHz, 184.83 W, 29
2026/10/08 05:34:29.173, 7, 120 MHz, 3996 MHz, 184.60 W, 27
2026/10/08 05:34:30.173, 0, 120 MHz, 3996 MHz, 186.41 W, 37
2026/10/08 05:34:30.173, 1, 120 MHz, 3996 MHz, 188.23 W, 39
2026/10/08 05:34:30.173, 2, 2032 MHz, 3996 MHz, 813.49 W, 47
2026/10/08 05:34:30.173, 3, 2032 MHz, 3996 MHz, 819.07 W, 48
2026/10/08 05:34:30.173, 4, 120 MHz, 3996 MHz, 184.59 W, 34
2026/10/08 05:34:30.173, 5, 120 MHz, 3996 MHz, 182.14 W, 33
2026/10/08 05:34:30.173, 6, 120 MHz, 3996 MHz, 184.83 W, 29
2026/10/08 05:34:30.173, 7, 120 MHz, 3996 MHz, 184.60 W, 27
2026/10/08 05:34:31.174, 0, 120 MHz, 3996 MHz, 186.41 W, 37
2026/10/08 05:34:31.174, 1, 120 MHz, 3996 MHz, 188.23 W, 39
2026/10/08 05:34:31.174, 2, 1275 MHz, 3996 MHz, 960.85 W, 56
2026/10/08 05:34:31.174, 3, 2032 MHz, 3996 MHz, 804.01 W, 48
2026/10/08 05:34:31.174, 4, 120 MHz, 3996 MHz, 184.59 W, 34
2026/10/08 05:34:31.174, 5, 120 MHz, 3996 MHz, 182.42 W, 33
2026/10/08 05:34:31.174, 6, 120 MHz, 3996 MHz, 184.83 W, 29
2026/10/08 05:34:31.174, 7, 120 MHz, 3996 MHz, 184.60 W, 28
2026/10/08 05:34:32.174, 0, 120 MHz, 3996 MHz, 186.41 W, 37
2026/10/08 05:34:32.174, 1, 120 MHz, 3996 MHz, 188.23 W, 39
2026/10/08 05:34:32.174, 2, 2032 MHz, 3996 MHz, 810.82 W, 48
2026/10/08 05:34:32.174, 3, 2032 MHz, 3996 MHz, 804.90 W, 48
2026/10/08 05:34:32.174, 4, 120 MHz, 3996 MHz, 184.59 W, 34
2026/10/08 05:34:32.174, 5, 120 MHz, 3996 MHz, 181.95 W, 33
2026/10/08 05:34:32.174, 6, 120 MHz, 3996 MHz, 184.83 W, 29
2026/10/08 05:34:32.174, 7, 120 MHz, 3996 MHz, 184.59 W, 28
2026/10/08 05:34:33.174, 0, 120 MHz, 3996 MHz, 186.41 W, 37
2026/10/08 05:34:33.174, 1, 120 MHz, 3996 MHz, 188.23 W, 39
2026/10/08 05:34:33.174, 2, 2032 MHz, 3996 MHz, 810.56 W, 48
2026/10/08 05:34:33.174, 3, 2032 MHz, 3996 MHz, 789.25 W, 47
2026/10/08 05:34:33.174, 4, 120 MHz, 3996 MHz, 184.59 W, 34
2026/10/08 05:34:33.174, 5, 120 MHz, 3996 MHz, 181.85 W, 33
2026/10/08 05:34:33.174, 6, 120 MHz, 3996 MHz, 184.83 W, 29
2026/10/08 05:34:33.174, 7, 120 MHz, 3996 MHz, 184.62 W, 28
2026/10/08 05:34:34.174, 0, 120 MHz, 3996 MHz, 186.41 W, 37
2026/10/08 05:34:34.174, 1, 120 MHz, 3996 MHz, 188.23 W, 39
2026/10/08 05:34:34.174, 2, 2032 MHz, 3996 MHz, 814.12 W, 48
2026/10/08 05:34:34.174, 3, 2032 MHz, 3996 MHz, 247.29 W, 41
2026/10/08 05:34:34.174, 4, 120 MHz, 3996 MHz, 184.59 W, 34
2026/10/08 05:34:34.174, 5, 120 MHz, 3996 MHz, 181.83 W, 33
2026/10/08 05:34:34.174, 6, 120 MHz, 3996 MHz, 184.83 W, 29
2026/10/08 05:34:34.174, 7, 120 MHz, 3996 MHz, 184.60 W, 28
2026/10/08 05:34:35.175, 0, 120 MHz, 3996 MHz, 186.41 W, 37
2026/10/08 05:34:35.175, 1, 120 MHz, 3996 MHz, 188.23 W, 39
2026/10/08 05:34:35.175, 2, 2032 MHz, 3996 MHz, 695.90 W, 44
2026/10/08 05:34:35.175, 3, 2032 MHz, 3996 MHz, 255.11 W, 40
2026/10/08 05:34:35.175, 4, 120 MHz, 3996 MHz, 184.59 W, 34
2026/10/08 05:34:35.175, 5, 120 MHz, 3996 MHz, 182.15 W, 33
2026/10/08 05:34:35.175, 6, 120 MHz, 3996 MHz, 184.83 W, 29
2026/10/08 05:34:35.175, 7, 120 MHz, 3996 MHz, 184.61 W, 28
2026/10/08 05:34:36.175, 0, 120 MHz, 3996 MHz, 186.41 W, 37
2026/10/08 05:34:36.175, 1, 120 MHz, 3996 MHz, 188.23 W, 39
2026/10/08 05:34:36.175, 2, 2032 MHz, 3996 MHz, 251.61 W, 40
2026/10/08 05:34:36.175, 3, 2032 MHz, 3996 MHz, 242.57 W, 39
2026/10/08 05:34:36.175, 4, 120 MHz, 3996 MHz, 184.58 W, 34
2026/10/08 05:34:36.175, 5, 120 MHz, 3996 MHz, 182.18 W, 33
2026/10/08 05:34:36.175, 6, 120 MHz, 3996 MHz, 184.83 W, 29
2026/10/08 05:34:36.175, 7, 120 MHz, 3996 MHz, 184.62 W, 28
2026/10/08 05:34:37.175, 0, 120 MHz, 3996 MHz, 186.41 W, 37
2026/10/08 05:34:37.175, 1, 120 MHz, 3996 MHz, 188.23 W, 39
2026/10/08 05:34:37.175, 2, 2032 MHz, 3996 MHz, 248.26 W, 40
2026/10/08 05:34:37.175, 3, 2032 MHz, 3996 MHz, 242.50 W, 39
2026/10/08 05:34:37.175, 4, 120 MHz, 3996 MHz, 184.59 W, 34
2026/10/08 05:34:37.175, 5, 120 MHz, 3996 MHz, 182.22 W, 33
2026/10/08 05:34:37.175, 6, 120 MHz, 3996 MHz, 184.83 W, 29
2026/10/08 05:34:37.175, 7, 120 MHz, 3996 MHz, 184.62 W, 28
2026/10/08 05:34:38.175, 0, 120 MHz, 3996 MHz, 186.41 W, 37
2026/10/08 05:34:38.176, 1, 120 MHz, 3996 MHz, 188.23 W, 39
2026/10/08 05:34:38.176, 2, 2032 MHz, 3996 MHz, 241.51 W, 39
2026/10/08 05:34:38.176, 3, 2032 MHz, 3996 MHz, 242.49 W, 39
2026/10/08 05:34:38.176, 4, 120 MHz, 3996 MHz, 184.59 W, 34
2026/10/08 05:34:38.176, 5, 120 MHz, 3996 MHz, 181.91 W, 33
2026/10/08 05:34:38.176, 6, 120 MHz, 3996 MHz, 184.83 W, 29
2026/10/08 05:34:38.176, 7, 120 MHz, 3996 MHz, 184.62 W, 28
2026/10/08 05:34:39.176, 0, 120 MHz, 3996 MHz, 186.41 W, 37
2026/10/08 05:34:39.176, 1, 120 MHz, 3996 MHz, 188.23 W, 39
2026/10/08 05:34:39.176, 2, 2032 MHz, 3996 MHz, 240.78 W, 39
2026/10/08 05:34:39.176, 3, 2032 MHz, 3996 MHz, 242.37 W, 38
2026/10/08 05:34:39.176, 4, 120 MHz, 3996 MHz, 184.59 W, 35
2026/10/08 05:34:39.176, 5, 120 MHz, 3996 MHz, 182.07 W, 33
2026/10/08 05:34:39.176, 6, 120 MHz, 3996 MHz, 184.83 W, 29
2026/10/08 05:34:39.176, 7, 120 MHz, 3996 MHz, 184.64 W, 28
2026/10/08 05:34:40.176, 0, 120 MHz, 3996 MHz, 186.41 W, 38
2026/10/08 05:34:40.176, 1, 120 MHz, 3996 MHz, 188.23 W, 39
2026/10/08 05:34:40.176, 2, 2032 MHz, 3996 MHz, 241.16 W, 39
2026/10/08 05:34:40.176, 3, 2032 MHz, 3996 MHz, 242.22 W, 38
2026/10/08 05:34:40.176, 4, 120 MHz, 3996 MHz, 184.59 W, 35
2026/10/08 05:34:40.176, 5, 120 MHz, 3996 MHz, 182.30 W, 33
2026/10/08 05:34:40.176, 6, 120 MHz, 3996 MHz, 184.83 W, 29
2026/10/08 05:34:40.176, 7, 120 MHz, 3996 MHz, 184.65 W, 28
2026/10/08 05:34:41.176, 0, 120 MHz, 3996 MHz, 186.41 W, 38
2026/10/08 05:34:41.176, 1, 120 MHz, 3996 MHz, 188.23 W, 39
2026/10/08 05:34:41.176, 2, 2032 MHz, 3996 MHz, 241.56 W, 38
2026/10/08 05:34:41.176, 3, 2032 MHz, 3996 MHz, 241.51 W, 38
2026/10/08 05:34:41.176, 4, 120 MHz, 3996 MHz, 184.59 W, 35
2026/10/08 05:34:41.176, 5, 120 MHz, 3996 MHz, 182.23 W, 33
2026/10/08 05:34:41.176, 6, 120 MHz, 3996 MHz, 184.83 W, 29
2026/10/08 05:34:41.176, 7, 120 MHz, 3996 MHz, 184.63 W, 28
