gpu,component,control_gpu_ms,candidate_gpu_ms,candidate_minus_control_ms
4,qvl_gateup_activation,41.8286715,39.21613949999999,-2.6125320000000087
4,qvl_down,18.414038499999997,20.045191,1.6311525000000024
4,other,0.16384249999999997,0.18266950000000004,0.018827000000000066
4,norm,4.472092,4.779969,0.3078770000000004
4,other_gemm,19.385533000000002,21.271534499999994,1.886001499999992
4,qknorm_rope,6.035289000000001,6.620208500000001,0.5849195000000007
4,cache_pack,2.6041664999999994,2.7594659999999998,0.15529950000000037
4,context_attention,26.243655499999992,28.799782500000003,2.5561270000000107
4,decode_attention,8.022667,8.154881,0.1322139999999994
5,qvl_gateup_activation,42.7934985,37.276785499999995,-5.516713000000003
5,qvl_down,18.672194499999996,18.861849000000003,0.18965450000000672
5,other,0.17411400000000005,0.16323249999999997,-0.010881500000000072
5,norm,4.5455535,4.462094,-0.08345950000000002
5,other_gemm,19.937334999999997,19.788832000000006,-0.14850299999999095
5,qknorm_rope,6.260607999999999,6.148599999999998,-0.11200800000000033
5,cache_pack,2.6639850000000007,2.6329304999999996,-0.031054500000001095
5,context_attention,27.066602,26.739343500000004,-0.3272584999999957
5,decode_attention,8.068174,8.052694,-0.01548000000000016
